1,202000000000,password1,2019,주전공,요리학과,소프트웨어융합대학
2,202000000000,password2,2019,복수전공,요리학과,소프트웨어융합대학
3,202000000000,password3,2019,주전공,요리학과,소프트웨어융합대학
4,202000000000,password4,2019,복수전공,요리학과,소프트웨어융합대학
5,202000000000,password5,2019,주전공,요리학과,소프트웨어융합대학
6,202000000000,password6,2019,복수전공,요리학과,소프트웨어융합대학
7,202000000000,password7,2019,주전공,요리학과,소프트웨어융합대학
8,202000000000,password8,2019,복수전공,요리학과,소프트웨어융합대학
9,202000000000,password9,2019,주전공,요리학과,소프트웨어융합대학
10,202000000000,password10,2019,복수전공,요리학과,소프트웨어융합대학
11,202000000000,password11,2019,주전공,요리학과,소프트웨어융합대학
12,202000000000,password12,2019,복수전공,요리학과,소프트웨어융합대학
13,202000000000,password13,2019,주전공,요리학과,소프트웨어융합대학
14,202000000000,password14,2019,복수전공,요리학과,소프트웨어융합대학
15,202000000000,password15,2019,주전공,요리학과,소프트웨어융합대학
16,202000000000,password16,2019,복수전공,요리학과,소프트웨어융합대학
17,202000000000,password17,2019,주전공,요리학과,소프트웨어융합대학
18,202000000000,password18,2019,복수전공,요리학과,소프트웨어융합대학
19,202000000000,password19,2019,주전공,요리학과,소프트웨어융합대학
20,202000000000,password20,2019,복수전공,요리학과,소프트웨어융합대학
21,202000000000,password21,2019,주전공,요리학과,소프트웨어융합대학
22,202000000000,password22,2019,복수전공,요리학과,소프트웨어융합대학
23,202000000000,password23,2019,주전공,요리학과,소프트웨어융합대학
24,202000000000,password24,2019,복수전공,요리학과,소프트웨어융합대학
25,202000000000,password25,2019,주전공,요리학과,소프트웨어융합대학
26,202000000000,password26,2019,복수전공,요리학과,소프트웨어융합대학
27,202000000000,password27,2019,주전공,요리학과,소프트웨어융합대학
28,202000000000,password28,2019,복수전공,요리학과,소프트웨어융합대학
29,202000000000,password29,2019,주전공,요리학과,소프트웨어융합대학
30,202000000000,password30,2019,복수전공,요리학과,소프트웨어융합대학
31,202000000000,password31,2019,주전공,요리학과,소프트웨어융합대학
32,202000000000,password32,2019,복수전공,요리학과,소프트웨어융합대학
33,202000000000,password33,2019,주전공,요리학과,소프트웨어융합대학
34,202000000000,password34,2019,복수전공,요리학과,소프트웨어융합대학
35,202000000000,password35,2019,주전공,요리학과,소프트웨어융합대학
36,202000000000,password36,2019,복수전공,요리학과,소프트웨어융합대학
37,202000000000,password37,2019,주전공,요리학과,소프트웨어융합대학
38,202000000000,password38,2019,복수전공,요리학과,소프트웨어융합대학
39,202000000000,password39,2019,주전공,요리학과,소프트웨어융합대학
40,202000000000,password40,2019,복수전공,요리학과,소프트웨어융합대학
41,202000000000,password41,2019,주전공,요리학과,소프트웨어융합대학
42,202000000000,password42,2019,복수전공,요리학과,소프트웨어융합대학
43,202000000000,password43,2019,주전공,요리학과,소프트웨어융합대학
44,202000000000,password44,2019,복수전공,요리학과,소프트웨어융합대학
45,202000000000,password45,2019,주전공,요리학과,소프트웨어융합대학
46,202000000000,password46,2019,복수전공,요리학과,소프트웨어융합대학
47,202000000000,password47,2019,주전공,요리학과,소프트웨어융합대학
48,202000000000,password48,2019,복수전공,요리학과,소프트웨어융합대학
49,202000000000,password49,2019,주전공,요리학과,소프트웨어융합대학
50,202000000000,password50,2019,복수전공,요리학과,소프트웨어융합대학
51,202000000000,password51,2019,주전공,요리학과,소프트웨어융합대학
52,202000000000,password52,2019,복수전공,요리학과,소프트웨어융합대학
53,202000000000,password53,2019,주전공,요리학과,소프트웨어융합대학
54,202000000000,password54,2019,복수전공,요리학과,소프트웨어융합대학
55,202000000000,password55,2019,주전공,요리학과,소프트웨어융합대학
56,202000000000,password56,2019,복수전공,요리학과,소프트웨어융합대학
57,202000000000,password57,2019,주전공,요리학과,소프트웨어융합대학
58,202000000000,password58,2019,복수전공,요리학과,소프트웨어융합대학
59,202000000000,password59,2019,주전공,요리학과,소프트웨어융합대학
60,202000000000,password60,2019,복수전공,요리학과,소프트웨어융합대학
61,202000000000,password61,2019,주전공,요리학과,소프트웨어융합대학
62,202000000000,password62,2019,복수전공,요리학과,소프트웨어융합대학
63,202000000000,password63,2019,주전공,요리학과,소프트웨어융합대학
64,202000000000,password64,2019,복수전공,요리학과,소프트웨어융합대학
65,202000000000,password65,2019,주전공,요리학과,소프트웨어융합대학
66,202000000000,password66,2019,복수전공,요리학과,소프트웨어융합대학
67,202000000000,password67,2019,주전공,요리학과,소프트웨어융합대학
68,202000000000,password68,2019,복수전공,요리학과,소프트웨어융합대학
69,202000000000,password69,2019,주전공,요리학과,소프트웨어융합대학
70,202000000000,password70,2019,복수전공,요리학과,소프트웨어융합대학
71,202000000000,password71,2019,주전공,요리학과,소프트웨어융합대학
72,202000000000,password72,2019,복수전공,요리학과,소프트웨어융합대학
73,202000000000,password73,2019,주전공,요리학과,소프트웨어융합대학
74,202000000000,password74,2019,복수전공,요리학과,소프트웨어융합대학
75,202000000000,password75,2019,주전공,요리학과,소프트웨어융합대학
76,202000000000,password76,2019,복수전공,요리학과,소프트웨어융합대학
77,202000000000,password77,2019,주전공,요리학과,소프트웨어융합대학
78,202000000000,password78,2019,복수전공,요리학과,소프트웨어융합대학
79,202000000000,password79,2019,주전공,요리학과,소프트웨어융합대학
80,202000000000,password80,2019,복수전공,요리학과,소프트웨어융합대학
81,202000000000,password81,2019,주전공,요리학과,소프트웨어융합대학
82,202000000000,password82,2019,복수전공,요리학과,소프트웨어융합대학
83,202000000000,password83,2019,주전공,요리학과,소프트웨어융합대학
84,202000000000,password84,2019,복수전공,요리학과,소프트웨어융합대학
85,202000000000,password85,2019,주전공,요리학과,소프트웨어융합대학
86,202000000000,password86,2019,복수전공,요리학과,소프트웨어융합대학
87,202000000000,password87,2019,주전공,요리학과,소프트웨어융합대학
88,202000000000,password88,2019,복수전공,요리학과,소프트웨어융합대학
89,202000000000,password89,2019,주전공,요리학과,소프트웨어융합대학
90,202000000000,password90,2019,복수전공,요리학과,소프트웨어융합대학
91,202000000000,password91,2019,주전공,요리학과,소프트웨어융합대학
92,202000000000,password92,2019,복수전공,요리학과,소프트웨어융합대학
93,202000000000,password93,2019,주전공,요리학과,소프트웨어융합대학
94,202000000000,password94,2019,복수전공,요리학과,소프트웨어융합대학
95,202000000000,password95,2019,주전공,요리학과,소프트웨어융합대학
96,202000000000,password96,2019,복수전공,요리학과,소프트웨어융합대학
97,202000000000,password97,2019,주전공,요리학과,소프트웨어융합대학
98,202000000000,password98,2019,복수전공,요리학과,소프트웨어융합대학
99,202000000000,password99,2019,주전공,요리학과,소프트웨어융합대학
100,202000000000,password100,2019,복수전공,요리학과,소프트웨어융합대학
101,202000000000,password101,2019,주전공,요리학과,소프트웨어융합대학
102,202000000000,password102,2019,복수전공,요리학과,소프트웨어융합대학
103,202000000000,password103,2019,주전공,요리학과,소프트웨어융합대학
104,202000000000,password104,2019,복수전공,요리학과,소프트웨어융합대학
105,202000000000,password105,2019,주전공,요리학과,소프트웨어융합대학
106,202000000000,password106,2019,복수전공,요리학과,소프트웨어융합대학
107,202000000000,password107,2019,주전공,요리학과,소프트웨어융합대학
108,202000000000,password108,2019,복수전공,요리학과,소프트웨어융합대학
109,202000000000,password109,2019,주전공,요리학과,소프트웨어융합대학
110,202000000000,password110,2019,복수전공,요리학과,소프트웨어융합대학
111,202000000000,password111,2019,주전공,요리학과,소프트웨어융합대학
112,202000000000,password112,2019,복수전공,요리학과,소프트웨어융합대학
113,202000000000,password113,2019,주전공,요리학과,소프트웨어융합대학
114,202000000000,password114,2019,복수전공,요리학과,소프트웨어융합대학
115,202000000000,password115,2019,주전공,요리학과,소프트웨어융합대학
116,202000000000,password116,2019,복수전공,요리학과,소프트웨어융합대학
117,202000000000,password117,2019,주전공,요리학과,소프트웨어융합대학
118,202000000000,password118,2019,복수전공,요리학과,소프트웨어융합대학
119,202000000000,password119,2019,주전공,요리학과,소프트웨어융합대학
120,202000000000,password120,2019,복수전공,요리학과,소프트웨어융합대학
121,202000000000,password121,2019,주전공,요리학과,소프트웨어융합대학
122,202000000000,password122,2019,복수전공,요리학과,소프트웨어융합대학
123,202000000000,password123,2019,주전공,요리학과,소프트웨어융합대학
124,202000000000,password124,2019,복수전공,요리학과,소프트웨어융합대학
125,202000000000,password125,2019,주전공,요리학과,소프트웨어융합대학
126,202000000000,password126,2019,복수전공,요리학과,소프트웨어융합대학
127,202000000000,password127,2019,주전공,요리학과,소프트웨어융합대학
128,202000000000,password128,2019,복수전공,요리학과,소프트웨어융합대학
129,202000000000,password129,2019,주전공,요리학과,소프트웨어융합대학
130,202000000000,password130,2019,복수전공,요리학과,소프트웨어융합대학
131,202000000000,password131,2019,주전공,요리학과,소프트웨어융합대학
132,202000000000,password132,2019,복수전공,요리학과,소프트웨어융합대학
133,202000000000,password133,2019,주전공,요리학과,소프트웨어융합대학
134,202000000000,password134,2019,복수전공,요리학과,소프트웨어융합대학
135,202000000000,password135,2019,주전공,요리학과,소프트웨어융합대학
136,202000000000,password136,2019,복수전공,요리학과,소프트웨어융합대학
137,202000000000,password137,2019,주전공,요리학과,소프트웨어융합대학
138,202000000000,password138,2019,복수전공,요리학과,소프트웨어융합대학
139,202000000000,password139,2019,주전공,요리학과,소프트웨어융합대학
140,202000000000,password140,2019,복수전공,요리학과,소프트웨어융합대학
141,202000000000,password141,2019,주전공,요리학과,소프트웨어융합대학
142,202000000000,password142,2019,복수전공,요리학과,소프트웨어융합대학
143,202000000000,password143,2019,주전공,요리학과,소프트웨어융합대학
144,202000000000,password144,2019,복수전공,요리학과,소프트웨어융합대학
145,202000000000,password145,2019,주전공,요리학과,소프트웨어융합대학
146,202000000000,password146,2019,복수전공,요리학과,소프트웨어융합대학
147,202000000000,password147,2019,주전공,요리학과,소프트웨어융합대학
148,202000000000,password148,2019,복수전공,요리학과,소프트웨어융합대학
149,202000000000,password149,2019,주전공,요리학과,소프트웨어융합대학
150,202000000000,password150,2019,복수전공,요리학과,소프트웨어융합대학
151,202000000000,password151,2019,주전공,요리학과,소프트웨어융합대학
152,202000000000,password152,2019,복수전공,요리학과,소프트웨어융합대학
153,202000000000,password153,2019,주전공,요리학과,소프트웨어융합대학
154,202000000000,password154,2019,복수전공,요리학과,소프트웨어융합대학
155,202000000000,password155,2019,주전공,요리학과,소프트웨어융합대학
156,202000000000,password156,2019,복수전공,요리학과,소프트웨어융합대학
157,202000000000,password157,2019,주전공,요리학과,소프트웨어융합대학
158,202000000000,password158,2019,복수전공,요리학과,소프트웨어융합대학
159,202000000000,password159,2019,주전공,요리학과,소프트웨어융합대학
160,202000000000,password160,2019,복수전공,요리학과,소프트웨어융합대학
161,202000000000,password161,2019,주전공,요리학과,소프트웨어융합대학
162,202000000000,password162,2019,복수전공,요리학과,소프트웨어융합대학
163,202000000000,password163,2019,주전공,요리학과,소프트웨어융합대학
164,202000000000,password164,2019,복수전공,요리학과,소프트웨어융합대학
165,202000000000,password165,2019,주전공,요리학과,소프트웨어융합대학
166,202000000000,password166,2019,복수전공,요리학과,소프트웨어융합대학
167,202000000000,password167,2019,주전공,요리학과,소프트웨어융합대학
168,202000000000,password168,2019,복수전공,요리학과,소프트웨어융합대학
169,202000000000,password169,2019,주전공,요리학과,소프트웨어융합대학
170,202000000000,password170,2019,복수전공,요리학과,소프트웨어융합대학
171,202000000000,password171,2019,주전공,요리학과,소프트웨어융합대학
172,202000000000,password172,2019,복수전공,요리학과,소프트웨어융합대학
173,202000000000,password173,2019,주전공,요리학과,소프트웨어융합대학
174,202000000000,password174,2019,복수전공,요리학과,소프트웨어융합대학
175,202000000000,password175,2019,주전공,요리학과,소프트웨어융합대학
176,202000000000,password176,2019,복수전공,요리학과,소프트웨어융합대학
177,202000000000,password177,2019,주전공,요리학과,소프트웨어융합대학
178,202000000000,password178,2019,복수전공,요리학과,소프트웨어융합대학
179,202000000000,password179,2019,주전공,요리학과,소프트웨어융합대학
180,202000000000,password180,2019,복수전공,요리학과,소프트웨어융합대학
181,202000000000,password181,2019,주전공,요리학과,소프트웨어융합대학
182,202000000000,password182,2019,복수전공,요리학과,소프트웨어융합대학
183,202000000000,password183,2019,주전공,요리학과,소프트웨어융합대학
184,202000000000,password184,2019,복수전공,요리학과,소프트웨어융합대학
185,202000000000,password185,2019,주전공,요리학과,소프트웨어융합대학
186,202000000000,password186,2019,복수전공,요리학과,소프트웨어융합대학
187,202000000000,password187,2019,주전공,요리학과,소프트웨어융합대학
188,202000000000,password188,2019,복수전공,요리학과,소프트웨어융합대학
189,202000000000,password189,2019,주전공,요리학과,소프트웨어융합대학
190,202000000000,password190,2019,복수전공,요리학과,소프트웨어융합대학
191,202000000000,password191,2019,주전공,요리학과,소프트웨어융합대학
192,202000000000,password192,2019,복수전공,요리학과,소프트웨어융합대학
193,202000000000,password193,2019,주전공,요리학과,소프트웨어융합대학
194,202000000000,password194,2019,복수전공,요리학과,소프트웨어융합대학
195,202000000000,password195,2019,주전공,요리학과,소프트웨어융합대학
196,202000000000,password196,2019,복수전공,요리학과,소프트웨어융합대학
197,202000000000,password197,2019,주전공,요리학과,소프트웨어융합대학
198,202000000000,password198,2019,복수전공,요리학과,소프트웨어융합대학
199,202000000000,password199,2019,주전공,요리학과,소프트웨어융합대학
200,202000000000,password200,2019,복수전공,요리학과,소프트웨어융합대학
201,202000000000,password201,2019,주전공,요리학과,소프트웨어융합대학
202,202000000000,password202,2019,복수전공,요리학과,소프트웨어융합대학
203,202000000000,password203,2019,주전공,요리학과,소프트웨어융합대학
204,202000000000,password204,2019,복수전공,요리학과,소프트웨어융합대학
205,202000000000,password205,2019,주전공,요리학과,소프트웨어융합대학
206,202000000000,password206,2019,복수전공,요리학과,소프트웨어융합대학
207,202000000000,password207,2019,주전공,요리학과,소프트웨어융합대학
208,202000000000,password208,2019,복수전공,요리학과,소프트웨어융합대학
209,202000000000,password209,2019,주전공,요리학과,소프트웨어융합대학
210,202000000000,password210,2019,복수전공,요리학과,소프트웨어융합대학
211,202000000000,password211,2019,주전공,요리학과,소프트웨어융합대학
212,202000000000,password212,2019,복수전공,요리학과,소프트웨어융합대학
213,202000000000,password213,2019,주전공,요리학과,소프트웨어융합대학
214,202000000000,password214,2019,복수전공,요리학과,소프트웨어융합대학
215,202000000000,password215,2019,주전공,요리학과,소프트웨어융합대학
216,202000000000,password216,2019,복수전공,요리학과,소프트웨어융합대학
217,202000000000,password217,2019,주전공,요리학과,소프트웨어융합대학
218,202000000000,password218,2019,복수전공,요리학과,소프트웨어융합대학
219,202000000000,password219,2019,주전공,요리학과,소프트웨어융합대학
220,202000000000,password220,2019,복수전공,요리학과,소프트웨어융합대학
221,202000000000,password221,2019,주전공,요리학과,소프트웨어융합대학
222,202000000000,password222,2019,복수전공,요리학과,소프트웨어융합대학
223,202000000000,password223,2019,주전공,요리학과,소프트웨어융합대학
224,202000000000,password224,2019,복수전공,요리학과,소프트웨어융합대학
225,202000000000,password225,2019,주전공,요리학과,소프트웨어융합대학
226,202000000000,password226,2019,복수전공,요리학과,소프트웨어융합대학
227,202000000000,password227,2019,주전공,요리학과,소프트웨어융합대학
228,202000000000,password228,2019,복수전공,요리학과,소프트웨어융합대학
229,202000000000,password229,2019,주전공,요리학과,소프트웨어융합대학
230,202000000000,password230,2019,복수전공,요리학과,소프트웨어융합대학
231,202000000000,password231,2019,주전공,요리학과,소프트웨어융합대학
232,202000000000,password232,2019,복수전공,요리학과,소프트웨어융합대학
233,202000000000,password233,2019,주전공,요리학과,소프트웨어융합대학
234,202000000000,password234,2019,복수전공,요리학과,소프트웨어융합대학
235,202000000000,password235,2019,주전공,요리학과,소프트웨어융합대학
236,202000000000,password236,2019,복수전공,요리학과,소프트웨어융합대학
237,202000000000,password237,2019,주전공,요리학과,소프트웨어융합대학
238,202000000000,password238,2019,복수전공,요리학과,소프트웨어융합대학
239,202000000000,password239,2019,주전공,요리학과,소프트웨어융합대학
240,202000000000,password240,2019,복수전공,요리학과,소프트웨어융합대학
241,202000000000,password241,2019,주전공,요리학과,소프트웨어융합대학
242,202000000000,password242,2019,복수전공,요리학과,소프트웨어융합대학
243,202000000000,password243,2019,주전공,요리학과,소프트웨어융합대학
244,202000000000,password244,2019,복수전공,요리학과,소프트웨어융합대학
245,202000000000,password245,2019,주전공,요리학과,소프트웨어융합대학
246,202000000000,password246,2019,복수전공,요리학과,소프트웨어융합대학
247,202000000000,password247,2019,주전공,요리학과,소프트웨어융합대학
248,202000000000,password248,2019,복수전공,요리학과,소프트웨어융합대학
249,202000000000,password249,2019,주전공,요리학과,소프트웨어융합대학
250,202000000000,password250,2019,복수전공,요리학과,소프트웨어융합대학
251,202000000000,password251,2019,주전공,요리학과,소프트웨어융합대학
252,202000000000,password252,2019,복수전공,요리학과,소프트웨어융합대학
253,202000000000,password253,2019,주전공,요리학과,소프트웨어융합대학
254,202000000000,password254,2019,복수전공,요리학과,소프트웨어융합대학
255,202000000000,password255,2019,주전공,요리학과,소프트웨어융합대학
256,202000000000,password256,2019,복수전공,요리학과,소프트웨어융합대학
257,202000000000,password257,2019,주전공,요리학과,소프트웨어융합대학
258,202000000000,password258,2019,복수전공,요리학과,소프트웨어융합대학
259,202000000000,password259,2019,주전공,요리학과,소프트웨어융합대학
260,202000000000,password260,2019,복수전공,요리학과,소프트웨어융합대학
261,202000000000,password261,2019,주전공,요리학과,소프트웨어융합대학
262,202000000000,password262,2019,복수전공,요리학과,소프트웨어융합대학
263,202000000000,password263,2019,주전공,요리학과,소프트웨어융합대학
264,202000000000,password264,2019,복수전공,요리학과,소프트웨어융합대학
265,202000000000,password265,2019,주전공,요리학과,소프트웨어융합대학
266,202000000000,password266,2019,복수전공,요리학과,소프트웨어융합대학
267,202000000000,password267,2019,주전공,요리학과,소프트웨어융합대학
268,202000000000,password268,2019,복수전공,요리학과,소프트웨어융합대학
269,202000000000,password269,2019,주전공,요리학과,소프트웨어융합대학
270,202000000000,password270,2019,복수전공,요리학과,소프트웨어융합대학
271,202000000000,password271,2019,주전공,요리학과,소프트웨어융합대학
272,202000000000,password272,2019,복수전공,요리학과,소프트웨어융합대학
273,202000000000,password273,2019,주전공,요리학과,소프트웨어융합대학
274,202000000000,password274,2019,복수전공,요리학과,소프트웨어융합대학
275,202000000000,password275,2019,주전공,요리학과,소프트웨어융합대학
276,202000000000,password276,2019,복수전공,요리학과,소프트웨어융합대학
277,202000000000,password277,2019,주전공,요리학과,소프트웨어융합대학
278,202000000000,password278,2019,복수전공,요리학과,소프트웨어융합대학
279,202000000000,password279,2019,주전공,요리학과,소프트웨어융합대학
280,202000000000,password280,2019,복수전공,요리학과,소프트웨어융합대학
281,202000000000,password281,2019,주전공,요리학과,소프트웨어융합대학
282,202000000000,password282,2019,복수전공,요리학과,소프트웨어융합대학
283,202000000000,password283,2019,주전공,요리학과,소프트웨어융합대학
284,202000000000,password284,2019,복수전공,요리학과,소프트웨어융합대학
285,202000000000,password285,2019,주전공,요리학과,소프트웨어융합대학
286,202000000000,password286,2019,복수전공,요리학과,소프트웨어융합대학
287,202000000000,password287,2019,주전공,요리학과,소프트웨어융합대학
288,202000000000,password288,2019,복수전공,요리학과,소프트웨어융합대학
289,202000000000,password289,2019,주전공,요리학과,소프트웨어융합대학
290,202000000000,password290,2019,복수전공,요리학과,소프트웨어융합대학
291,202000000000,password291,2019,주전공,요리학과,소프트웨어융합대학
292,202000000000,password292,2019,복수전공,요리학과,소프트웨어융합대학
293,202000000000,password293,2019,주전공,요리학과,소프트웨어융합대학
294,202000000000,password294,2019,복수전공,요리학과,소프트웨어융합대학
295,202000000000,password295,2019,주전공,요리학과,소프트웨어융합대학
296,202000000000,password296,2019,복수전공,요리학과,소프트웨어융합대학
297,202000000000,password297,2019,주전공,요리학과,소프트웨어융합대학
298,202000000000,password298,2019,복수전공,요리학과,소프트웨어융합대학
299,202000000000,password299,2019,주전공,요리학과,소프트웨어융합대학
300,202000000000,password300,2019,복수전공,요리학과,소프트웨어융합대학
301,202000000000,password301,2019,주전공,요리학과,소프트웨어융합대학
302,202000000000,password302,2019,복수전공,요리학과,소프트웨어융합대학
303,202000000000,password303,2019,주전공,요리학과,소프트웨어융합대학
304,202000000000,password304,2019,복수전공,요리학과,소프트웨어융합대학
305,202000000000,password305,2019,주전공,요리학과,소프트웨어융합대학
306,202000000000,password306,2019,복수전공,요리학과,소프트웨어융합대학
307,202000000000,password307,2019,주전공,요리학과,소프트웨어융합대학
308,202000000000,password308,2019,복수전공,요리학과,소프트웨어융합대학
309,202000000000,password309,2019,주전공,요리학과,소프트웨어융합대학
310,202000000000,password310,2019,복수전공,요리학과,소프트웨어융합대학
311,202000000000,password311,2019,주전공,요리학과,소프트웨어융합대학
312,202000000000,password312,2019,복수전공,요리학과,소프트웨어융합대학
313,202000000000,password313,2019,주전공,요리학과,소프트웨어융합대학
314,202000000000,password314,2019,복수전공,요리학과,소프트웨어융합대학
315,202000000000,password315,2019,주전공,요리학과,소프트웨어융합대학
316,202000000000,password316,2019,복수전공,요리학과,소프트웨어융합대학
317,202000000000,password317,2019,주전공,요리학과,소프트웨어융합대학
318,202000000000,password318,2019,복수전공,요리학과,소프트웨어융합대학
319,202000000000,password319,2019,주전공,요리학과,소프트웨어융합대학
320,202000000000,password320,2019,복수전공,요리학과,소프트웨어융합대학
321,202000000000,password321,2019,주전공,요리학과,소프트웨어융합대학
322,202000000000,password322,2019,복수전공,요리학과,소프트웨어융합대학
323,202000000000,password323,2019,주전공,요리학과,소프트웨어융합대학
324,202000000000,password324,2019,복수전공,요리학과,소프트웨어융합대학
325,202000000000,password325,2019,주전공,요리학과,소프트웨어융합대학
326,202000000000,password326,2019,복수전공,요리학과,소프트웨어융합대학
327,202000000000,password327,2019,주전공,요리학과,소프트웨어융합대학
328,202000000000,password328,2019,복수전공,요리학과,소프트웨어융합대학
329,202000000000,password329,2019,주전공,요리학과,소프트웨어융합대학
330,202000000000,password330,2019,복수전공,요리학과,소프트웨어융합대학
331,202000000000,password331,2019,주전공,요리학과,소프트웨어융합대학
332,202000000000,password332,2019,복수전공,요리학과,소프트웨어융합대학
333,202000000000,password333,2019,주전공,요리학과,소프트웨어융합대학
334,202000000000,password334,2019,복수전공,요리학과,소프트웨어융합대학
335,202000000000,password335,2019,주전공,요리학과,소프트웨어융합대학
336,202000000000,password336,2019,복수전공,요리학과,소프트웨어융합대학
337,202000000000,password337,2019,주전공,요리학과,소프트웨어융합대학
338,202000000000,password338,2019,복수전공,요리학과,소프트웨어융합대학
339,202000000000,password339,2019,주전공,요리학과,소프트웨어융합대학
340,202000000000,password340,2019,복수전공,요리학과,소프트웨어융합대학
341,202000000000,password341,2019,주전공,요리학과,소프트웨어융합대학
342,202000000000,password342,2019,복수전공,요리학과,소프트웨어융합대학
343,202000000000,password343,2019,주전공,요리학과,소프트웨어융합대학
344,202000000000,password344,2019,복수전공,요리학과,소프트웨어융합대학
345,202000000000,password345,2019,주전공,요리학과,소프트웨어융합대학
346,202000000000,password346,2019,복수전공,요리학과,소프트웨어융합대학
347,202000000000,password347,2019,주전공,요리학과,소프트웨어융합대학
348,202000000000,password348,2019,복수전공,요리학과,소프트웨어융합대학
349,202000000000,password349,2019,주전공,요리학과,소프트웨어융합대학
350,202000000000,password350,2019,복수전공,요리학과,소프트웨어융합대학
351,202000000000,password351,2019,주전공,요리학과,소프트웨어융합대학
352,202000000000,password352,2019,복수전공,요리학과,소프트웨어융합대학
353,202000000000,password353,2019,주전공,요리학과,소프트웨어융합대학
354,202000000000,password354,2019,복수전공,요리학과,소프트웨어융합대학
355,202000000000,password355,2019,주전공,요리학과,소프트웨어융합대학
356,202000000000,password356,2019,복수전공,요리학과,소프트웨어융합대학
357,202000000000,password357,2019,주전공,요리학과,소프트웨어융합대학
358,202000000000,password358,2019,복수전공,요리학과,소프트웨어융합대학
359,202000000000,password359,2019,주전공,요리학과,소프트웨어융합대학
360,202000000000,password360,2019,복수전공,요리학과,소프트웨어융합대학
361,202000000000,password361,2019,주전공,요리학과,소프트웨어융합대학
362,202000000000,password362,2019,복수전공,요리학과,소프트웨어융합대학
363,202000000000,password363,2019,주전공,요리학과,소프트웨어융합대학
364,202000000000,password364,2019,복수전공,요리학과,소프트웨어융합대학
365,202000000000,password365,2019,주전공,요리학과,소프트웨어융합대학
366,202000000000,password366,2019,복수전공,요리학과,소프트웨어융합대학
367,202000000000,password367,2019,주전공,요리학과,소프트웨어융합대학
368,202000000000,password368,2019,복수전공,요리학과,소프트웨어융합대학
369,202000000000,password369,2019,주전공,요리학과,소프트웨어융합대학
370,202000000000,password370,2019,복수전공,요리학과,소프트웨어융합대학
371,202000000000,password371,2019,주전공,요리학과,소프트웨어융합대학
372,202000000000,password372,2019,복수전공,요리학과,소프트웨어융합대학
373,202000000000,password373,2019,주전공,요리학과,소프트웨어융합대학
374,202000000000,password374,2019,복수전공,요리학과,소프트웨어융합대학
375,202000000000,password375,2019,주전공,요리학과,소프트웨어융합대학
376,202000000000,password376,2019,복수전공,요리학과,소프트웨어융합대학
377,202000000000,password377,2019,주전공,요리학과,소프트웨어융합대학
378,202000000000,password378,2019,복수전공,요리학과,소프트웨어융합대학
379,202000000000,password379,2019,주전공,요리학과,소프트웨어융합대학
380,202000000000,password380,2019,복수전공,요리학과,소프트웨어융합대학
381,202000000000,password381,2019,주전공,요리학과,소프트웨어융합대학
382,202000000000,password382,2019,복수전공,요리학과,소프트웨어융합대학
383,202000000000,password383,2019,주전공,요리학과,소프트웨어융합대학
384,202000000000,password384,2019,복수전공,요리학과,소프트웨어융합대학
385,202000000000,password385,2019,주전공,요리학과,소프트웨어융합대학
386,202000000000,password386,2019,복수전공,요리학과,소프트웨어융합대학
387,202000000000,password387,2019,주전공,요리학과,소프트웨어융합대학
388,202000000000,password388,2019,복수전공,요리학과,소프트웨어융합대학
389,202000000000,password389,2019,주전공,요리학과,소프트웨어융합대학
390,202000000000,password390,2019,복수전공,요리학과,소프트웨어융합대학
391,202000000000,password391,2019,주전공,요리학과,소프트웨어융합대학
392,202000000000,password392,2019,복수전공,요리학과,소프트웨어융합대학
393,202000000000,password393,2019,주전공,요리학과,소프트웨어융합대학
394,202000000000,password394,2019,복수전공,요리학과,소프트웨어융합대학
395,202000000000,password395,2019,주전공,요리학과,소프트웨어융합대학
396,202000000000,password396,2019,복수전공,요리학과,소프트웨어융합대학
397,202000000000,password397,2019,주전공,요리학과,소프트웨어융합대학
398,202000000000,password398,2019,복수전공,요리학과,소프트웨어융합대학
399,202000000000,password399,2019,주전공,요리학과,소프트웨어융합대학
400,202000000000,password400,2019,복수전공,요리학과,소프트웨어융합대학
401,202000000000,password401,2019,주전공,요리학과,소프트웨어융합대학
402,202000000000,password402,2019,복수전공,요리학과,소프트웨어융합대학
403,202000000000,password403,2019,주전공,요리학과,소프트웨어융합대학
404,202000000000,password404,2019,복수전공,요리학과,소프트웨어융합대학
405,202000000000,password405,2019,주전공,요리학과,소프트웨어융합대학
406,202000000000,password406,2019,복수전공,요리학과,소프트웨어융합대학
407,202000000000,password407,2019,주전공,요리학과,소프트웨어융합대학
408,202000000000,password408,2019,복수전공,요리학과,소프트웨어융합대학
409,202000000000,password409,2019,주전공,요리학과,소프트웨어융합대학
410,202000000000,password410,2019,복수전공,요리학과,소프트웨어융합대학
411,202000000000,password411,2019,주전공,요리학과,소프트웨어융합대학
412,202000000000,password412,2019,복수전공,요리학과,소프트웨어융합대학
413,202000000000,password413,2019,주전공,요리학과,소프트웨어융합대학
414,202000000000,password414,2019,복수전공,요리학과,소프트웨어융합대학
415,202000000000,password415,2019,주전공,요리학과,소프트웨어융합대학
416,202000000000,password416,2019,복수전공,요리학과,소프트웨어융합대학
417,202000000000,password417,2019,주전공,요리학과,소프트웨어융합대학
418,202000000000,password418,2019,복수전공,요리학과,소프트웨어융합대학
419,202000000000,password419,2019,주전공,요리학과,소프트웨어융합대학
420,202000000000,password420,2019,복수전공,요리학과,소프트웨어융합대학
421,202000000000,password421,2019,주전공,요리학과,소프트웨어융합대학
422,202000000000,password422,2019,복수전공,요리학과,소프트웨어융합대학
423,202000000000,password423,2019,주전공,요리학과,소프트웨어융합대학
424,202000000000,password424,2019,복수전공,요리학과,소프트웨어융합대학
425,202000000000,password425,2019,주전공,요리학과,소프트웨어융합대학
426,202000000000,password426,2019,복수전공,요리학과,소프트웨어융합대학
427,202000000000,password427,2019,주전공,요리학과,소프트웨어융합대학
428,202000000000,password428,2019,복수전공,요리학과,소프트웨어융합대학
429,202000000000,password429,2019,주전공,요리학과,소프트웨어융합대학
430,202000000000,password430,2019,복수전공,요리학과,소프트웨어융합대학
431,202000000000,password431,2019,주전공,요리학과,소프트웨어융합대학
432,202000000000,password432,2019,복수전공,요리학과,소프트웨어융합대학
433,202000000000,password433,2019,주전공,요리학과,소프트웨어융합대학
434,202000000000,password434,2019,복수전공,요리학과,소프트웨어융합대학
435,202000000000,password435,2019,주전공,요리학과,소프트웨어융합대학
436,202000000000,password436,2019,복수전공,요리학과,소프트웨어융합대학
437,202000000000,password437,2019,주전공,요리학과,소프트웨어융합대학
438,202000000000,password438,2019,복수전공,요리학과,소프트웨어융합대학
439,202000000000,password439,2019,주전공,요리학과,소프트웨어융합대학
440,202000000000,password440,2019,복수전공,요리학과,소프트웨어융합대학
441,202000000000,password441,2019,주전공,요리학과,소프트웨어융합대학
442,202000000000,password442,2019,복수전공,요리학과,소프트웨어융합대학
443,202000000000,password443,2019,주전공,요리학과,소프트웨어융합대학
444,202000000000,password444,2019,복수전공,요리학과,소프트웨어융합대학
445,202000000000,password445,2019,주전공,요리학과,소프트웨어융합대학
446,202000000000,password446,2019,복수전공,요리학과,소프트웨어융합대학
447,202000000000,password447,2019,주전공,요리학과,소프트웨어융합대학
448,202000000000,password448,2019,복수전공,요리학과,소프트웨어융합대학
449,202000000000,password449,2019,주전공,요리학과,소프트웨어융합대학
450,202000000000,password450,2019,복수전공,요리학과,소프트웨어융합대학
451,202000000000,password451,2019,주전공,요리학과,소프트웨어융합대학
452,202000000000,password452,2019,복수전공,요리학과,소프트웨어융합대학
453,202000000000,password453,2019,주전공,요리학과,소프트웨어융합대학
454,202000000000,password454,2019,복수전공,요리학과,소프트웨어융합대학
455,202000000000,password455,2019,주전공,요리학과,소프트웨어융합대학
456,202000000000,password456,2019,복수전공,요리학과,소프트웨어융합대학
457,202000000000,password457,2019,주전공,요리학과,소프트웨어융합대학
458,202000000000,password458,2019,복수전공,요리학과,소프트웨어융합대학
459,202000000000,password459,2019,주전공,요리학과,소프트웨어융합대학
460,202000000000,password460,2019,복수전공,요리학과,소프트웨어융합대학
461,202000000000,password461,2019,주전공,요리학과,소프트웨어융합대학
462,202000000000,password462,2019,복수전공,요리학과,소프트웨어융합대학
463,202000000000,password463,2019,주전공,요리학과,소프트웨어융합대학
464,202000000000,password464,2019,복수전공,요리학과,소프트웨어융합대학
465,202000000000,password465,2019,주전공,요리학과,소프트웨어융합대학
466,202000000000,password466,2019,복수전공,요리학과,소프트웨어융합대학
467,202000000000,password467,2019,주전공,요리학과,소프트웨어융합대학
468,202000000000,password468,2019,복수전공,요리학과,소프트웨어융합대학
469,202000000000,password469,2019,주전공,요리학과,소프트웨어융합대학
470,202000000000,password470,2019,복수전공,요리학과,소프트웨어융합대학
471,202000000000,password471,2019,주전공,요리학과,소프트웨어융합대학
472,202000000000,password472,2019,복수전공,요리학과,소프트웨어융합대학
473,202000000000,password473,2019,주전공,요리학과,소프트웨어융합대학
474,202000000000,password474,2019,복수전공,요리학과,소프트웨어융합대학
475,202000000000,password475,2019,주전공,요리학과,소프트웨어융합대학
476,202000000000,password476,2019,복수전공,요리학과,소프트웨어융합대학
477,202000000000,password477,2019,주전공,요리학과,소프트웨어융합대학
478,202000000000,password478,2019,복수전공,요리학과,소프트웨어융합대학
479,202000000000,password479,2019,주전공,요리학과,소프트웨어융합대학
480,202000000000,password480,2019,복수전공,요리학과,소프트웨어융합대학
481,202000000000,password481,2019,주전공,요리학과,소프트웨어융합대학
482,202000000000,password482,2019,복수전공,요리학과,소프트웨어융합대학
483,202000000000,password483,2019,주전공,요리학과,소프트웨어융합대학
484,202000000000,password484,2019,복수전공,요리학과,소프트웨어융합대학
485,202000000000,password485,2019,주전공,요리학과,소프트웨어융합대학
486,202000000000,password486,2019,복수전공,요리학과,소프트웨어융합대학
487,202000000000,password487,2019,주전공,요리학과,소프트웨어융합대학
488,202000000000,password488,2019,복수전공,요리학과,소프트웨어융합대학
489,202000000000,password489,2019,주전공,요리학과,소프트웨어융합대학
490,202000000000,password490,2019,복수전공,요리학과,소프트웨어융합대학
491,202000000000,password491,2019,주전공,요리학과,소프트웨어융합대학
492,202000000000,password492,2019,복수전공,요리학과,소프트웨어융합대학
493,202000000000,password493,2019,주전공,요리학과,소프트웨어융합대학
494,202000000000,password494,2019,복수전공,요리학과,소프트웨어융합대학
495,202000000000,password495,2019,주전공,요리학과,소프트웨어융합대학
496,202000000000,password496,2019,복수전공,요리학과,소프트웨어융합대학
497,202000000000,password497,2019,주전공,요리학과,소프트웨어융합대학
498,202000000000,password498,2019,복수전공,요리학과,소프트웨어융합대학
499,202000000000,password499,2019,주전공,요리학과,소프트웨어융합대학
500,202000000000,password500,2019,복수전공,요리학과,소프트웨어융합대학
501,202000000000,password501,2019,주전공,요리학과,소프트웨어융합대학
502,202000000000,password502,2019,복수전공,요리학과,소프트웨어융합대학
503,202000000000,password503,2019,주전공,요리학과,소프트웨어융합대학
504,202000000000,password504,2019,복수전공,요리학과,소프트웨어융합대학
505,202000000000,password505,2019,주전공,요리학과,소프트웨어융합대학
506,202000000000,password506,2019,복수전공,요리학과,소프트웨어융합대학
507,202000000000,password507,2019,주전공,요리학과,소프트웨어융합대학
508,202000000000,password508,2019,복수전공,요리학과,소프트웨어융합대학
509,202000000000,password509,2019,주전공,요리학과,소프트웨어융합대학
510,202000000000,password510,2019,복수전공,요리학과,소프트웨어융합대학
511,202000000000,password511,2019,주전공,요리학과,소프트웨어융합대학
512,202000000000,password512,2019,복수전공,요리학과,소프트웨어융합대학
513,202000000000,password513,2019,주전공,요리학과,소프트웨어융합대학
514,202000000000,password514,2019,복수전공,요리학과,소프트웨어융합대학
515,202000000000,password515,2019,주전공,요리학과,소프트웨어융합대학
516,202000000000,password516,2019,복수전공,요리학과,소프트웨어융합대학
517,202000000000,password517,2019,주전공,요리학과,소프트웨어융합대학
518,202000000000,password518,2019,복수전공,요리학과,소프트웨어융합대학
519,202000000000,password519,2019,주전공,요리학과,소프트웨어융합대학
520,202000000000,password520,2019,복수전공,요리학과,소프트웨어융합대학
521,202000000000,password521,2019,주전공,요리학과,소프트웨어융합대학
522,202000000000,password522,2019,복수전공,요리학과,소프트웨어융합대학
523,202000000000,password523,2019,주전공,요리학과,소프트웨어융합대학
524,202000000000,password524,2019,복수전공,요리학과,소프트웨어융합대학
525,202000000000,password525,2019,주전공,요리학과,소프트웨어융합대학
526,202000000000,password526,2019,복수전공,요리학과,소프트웨어융합대학
527,202000000000,password527,2019,주전공,요리학과,소프트웨어융합대학
528,202000000000,password528,2019,복수전공,요리학과,소프트웨어융합대학
529,202000000000,password529,2019,주전공,요리학과,소프트웨어융합대학
530,202000000000,password530,2019,복수전공,요리학과,소프트웨어융합대학
531,202000000000,password531,2019,주전공,요리학과,소프트웨어융합대학
532,202000000000,password532,2019,복수전공,요리학과,소프트웨어융합대학
533,202000000000,password533,2019,주전공,요리학과,소프트웨어융합대학
534,202000000000,password534,2019,복수전공,요리학과,소프트웨어융합대학
535,202000000000,password535,2019,주전공,요리학과,소프트웨어융합대학
536,202000000000,password536,2019,복수전공,요리학과,소프트웨어융합대학
537,202000000000,password537,2019,주전공,요리학과,소프트웨어융합대학
538,202000000000,password538,2019,복수전공,요리학과,소프트웨어융합대학
539,202000000000,password539,2019,주전공,요리학과,소프트웨어융합대학
540,202000000000,password540,2019,복수전공,요리학과,소프트웨어융합대학
541,202000000000,password541,2019,주전공,요리학과,소프트웨어융합대학
542,202000000000,password542,2019,복수전공,요리학과,소프트웨어융합대학
543,202000000000,password543,2019,주전공,요리학과,소프트웨어융합대학
544,202000000000,password544,2019,복수전공,요리학과,소프트웨어융합대학
545,202000000000,password545,2019,주전공,요리학과,소프트웨어융합대학
546,202000000000,password546,2019,복수전공,요리학과,소프트웨어융합대학
547,202000000000,password547,2019,주전공,요리학과,소프트웨어융합대학
548,202000000000,password548,2019,복수전공,요리학과,소프트웨어융합대학
549,202000000000,password549,2019,주전공,요리학과,소프트웨어융합대학
550,202000000000,password550,2019,복수전공,요리학과,소프트웨어융합대학
551,202000000000,password551,2019,주전공,요리학과,소프트웨어융합대학
552,202000000000,password552,2019,복수전공,요리학과,소프트웨어융합대학
553,202000000000,password553,2019,주전공,요리학과,소프트웨어융합대학
554,202000000000,password554,2019,복수전공,요리학과,소프트웨어융합대학
555,202000000000,password555,2019,주전공,요리학과,소프트웨어융합대학
556,202000000000,password556,2019,복수전공,요리학과,소프트웨어융합대학
557,202000000000,password557,2019,주전공,요리학과,소프트웨어융합대학
558,202000000000,password558,2019,복수전공,요리학과,소프트웨어융합대학
559,202000000000,password559,2019,주전공,요리학과,소프트웨어융합대학
560,202000000000,password560,2019,복수전공,요리학과,소프트웨어융합대학
561,202000000000,password561,2019,주전공,요리학과,소프트웨어융합대학
562,202000000000,password562,2019,복수전공,요리학과,소프트웨어융합대학
563,202000000000,password563,2019,주전공,요리학과,소프트웨어융합대학
564,202000000000,password564,2019,복수전공,요리학과,소프트웨어융합대학
565,202000000000,password565,2019,주전공,요리학과,소프트웨어융합대학
566,202000000000,password566,2019,복수전공,요리학과,소프트웨어융합대학
567,202000000000,password567,2019,주전공,요리학과,소프트웨어융합대학
568,202000000000,password568,2019,복수전공,요리학과,소프트웨어융합대학
569,202000000000,password569,2019,주전공,요리학과,소프트웨어융합대학
570,202000000000,password570,2019,복수전공,요리학과,소프트웨어융합대학
571,202000000000,password571,2019,주전공,요리학과,소프트웨어융합대학
572,202000000000,password572,2019,복수전공,요리학과,소프트웨어융합대학
573,202000000000,password573,2019,주전공,요리학과,소프트웨어융합대학
574,202000000000,password574,2019,복수전공,요리학과,소프트웨어융합대학
575,202000000000,password575,2019,주전공,요리학과,소프트웨어융합대학
576,202000000000,password576,2019,복수전공,요리학과,소프트웨어융합대학
577,202000000000,password577,2019,주전공,요리학과,소프트웨어융합대학
578,202000000000,password578,2019,복수전공,요리학과,소프트웨어융합대학
579,202000000000,password579,2019,주전공,요리학과,소프트웨어융합대학
580,202000000000,password580,2019,복수전공,요리학과,소프트웨어융합대학
581,202000000000,password581,2019,주전공,요리학과,소프트웨어융합대학
582,202000000000,password582,2019,복수전공,요리학과,소프트웨어융합대학
583,202000000000,password583,2019,주전공,요리학과,소프트웨어융합대학
584,202000000000,password584,2019,복수전공,요리학과,소프트웨어융합대학
585,202000000000,password585,2019,주전공,요리학과,소프트웨어융합대학
586,202000000000,password586,2019,복수전공,요리학과,소프트웨어융합대학
587,202000000000,password587,2019,주전공,요리학과,소프트웨어융합대학
588,202000000000,password588,2019,복수전공,요리학과,소프트웨어융합대학
589,202000000000,password589,2019,주전공,요리학과,소프트웨어융합대학
590,202000000000,password590,2019,복수전공,요리학과,소프트웨어융합대학
591,202000000000,password591,2019,주전공,요리학과,소프트웨어융합대학
592,202000000000,password592,2019,복수전공,요리학과,소프트웨어융합대학
593,202000000000,password593,2019,주전공,요리학과,소프트웨어융합대학
594,202000000000,password594,2019,복수전공,요리학과,소프트웨어융합대학
595,202000000000,password595,2019,주전공,요리학과,소프트웨어융합대학
596,202000000000,password596,2019,복수전공,요리학과,소프트웨어융합대학
597,202000000000,password597,2019,주전공,요리학과,소프트웨어융합대학
598,202000000000,password598,2019,복수전공,요리학과,소프트웨어융합대학
599,202000000000,password599,2019,주전공,요리학과,소프트웨어융합대학
600,202000000000,password600,2019,복수전공,요리학과,소프트웨어융합대학
601,202000000000,password601,2019,주전공,요리학과,소프트웨어융합대학
602,202000000000,password602,2019,복수전공,요리학과,소프트웨어융합대학
603,202000000000,password603,2019,주전공,요리학과,소프트웨어융합대학
604,202000000000,password604,2019,복수전공,요리학과,소프트웨어융합대학
605,202000000000,password605,2019,주전공,요리학과,소프트웨어융합대학
606,202000000000,password606,2019,복수전공,요리학과,소프트웨어융합대학
607,202000000000,password607,2019,주전공,요리학과,소프트웨어융합대학
608,202000000000,password608,2019,복수전공,요리학과,소프트웨어융합대학
609,202000000000,password609,2019,주전공,요리학과,소프트웨어융합대학
610,202000000000,password610,2019,복수전공,요리학과,소프트웨어융합대학
611,202000000000,password611,2019,주전공,요리학과,소프트웨어융합대학
612,202000000000,password612,2019,복수전공,요리학과,소프트웨어융합대학
613,202000000000,password613,2019,주전공,요리학과,소프트웨어융합대학
614,202000000000,password614,2019,복수전공,요리학과,소프트웨어융합대학
615,202000000000,password615,2019,주전공,요리학과,소프트웨어융합대학
616,202000000000,password616,2019,복수전공,요리학과,소프트웨어융합대학
617,202000000000,password617,2019,주전공,요리학과,소프트웨어융합대학
618,202000000000,password618,2019,복수전공,요리학과,소프트웨어융합대학
619,202000000000,password619,2019,주전공,요리학과,소프트웨어융합대학
620,202000000000,password620,2019,복수전공,요리학과,소프트웨어융합대학
621,202000000000,password621,2019,주전공,요리학과,소프트웨어융합대학
622,202000000000,password622,2019,복수전공,요리학과,소프트웨어융합대학
623,202000000000,password623,2019,주전공,요리학과,소프트웨어융합대학
624,202000000000,password624,2019,복수전공,요리학과,소프트웨어융합대학
625,202000000000,password625,2019,주전공,요리학과,소프트웨어융합대학
626,202000000000,password626,2019,복수전공,요리학과,소프트웨어융합대학
627,202000000000,password627,2019,주전공,요리학과,소프트웨어융합대학
628,202000000000,password628,2019,복수전공,요리학과,소프트웨어융합대학
629,202000000000,password629,2019,주전공,요리학과,소프트웨어융합대학
630,202000000000,password630,2019,복수전공,요리학과,소프트웨어융합대학
631,202000000000,password631,2019,주전공,요리학과,소프트웨어융합대학
632,202000000000,password632,2019,복수전공,요리학과,소프트웨어융합대학
633,202000000000,password633,2019,주전공,요리학과,소프트웨어융합대학
634,202000000000,password634,2019,복수전공,요리학과,소프트웨어융합대학
635,202000000000,password635,2019,주전공,요리학과,소프트웨어융합대학
636,202000000000,password636,2019,복수전공,요리학과,소프트웨어융합대학
637,202000000000,password637,2019,주전공,요리학과,소프트웨어융합대학
638,202000000000,password638,2019,복수전공,요리학과,소프트웨어융합대학
639,202000000000,password639,2019,주전공,요리학과,소프트웨어융합대학
640,202000000000,password640,2019,복수전공,요리학과,소프트웨어융합대학
641,202000000000,password641,2019,주전공,요리학과,소프트웨어융합대학
642,202000000000,password642,2019,복수전공,요리학과,소프트웨어융합대학
643,202000000000,password643,2019,주전공,요리학과,소프트웨어융합대학
644,202000000000,password644,2019,복수전공,요리학과,소프트웨어융합대학
645,202000000000,password645,2019,주전공,요리학과,소프트웨어융합대학
646,202000000000,password646,2019,복수전공,요리학과,소프트웨어융합대학
647,202000000000,password647,2019,주전공,요리학과,소프트웨어융합대학
648,202000000000,password648,2019,복수전공,요리학과,소프트웨어융합대학
649,202000000000,password649,2019,주전공,요리학과,소프트웨어융합대학
650,202000000000,password650,2019,복수전공,요리학과,소프트웨어융합대학
651,202000000000,password651,2019,주전공,요리학과,소프트웨어융합대학
652,202000000000,password652,2019,복수전공,요리학과,소프트웨어융합대학
653,202000000000,password653,2019,주전공,요리학과,소프트웨어융합대학
654,202000000000,password654,2019,복수전공,요리학과,소프트웨어융합대학
655,202000000000,password655,2019,주전공,요리학과,소프트웨어융합대학
656,202000000000,password656,2019,복수전공,요리학과,소프트웨어융합대학
657,202000000000,password657,2019,주전공,요리학과,소프트웨어융합대학
658,202000000000,password658,2019,복수전공,요리학과,소프트웨어융합대학
659,202000000000,password659,2019,주전공,요리학과,소프트웨어융합대학
660,202000000000,password660,2019,복수전공,요리학과,소프트웨어융합대학
661,202000000000,password661,2019,주전공,요리학과,소프트웨어융합대학
662,202000000000,password662,2019,복수전공,요리학과,소프트웨어융합대학
663,202000000000,password663,2019,주전공,요리학과,소프트웨어융합대학
664,202000000000,password664,2019,복수전공,요리학과,소프트웨어융합대학
665,202000000000,password665,2019,주전공,요리학과,소프트웨어융합대학
666,202000000000,password666,2019,복수전공,요리학과,소프트웨어융합대학
667,202000000000,password667,2019,주전공,요리학과,소프트웨어융합대학
668,202000000000,password668,2019,복수전공,요리학과,소프트웨어융합대학
669,202000000000,password669,2019,주전공,요리학과,소프트웨어융합대학
670,202000000000,password670,2019,복수전공,요리학과,소프트웨어융합대학
671,202000000000,password671,2019,주전공,요리학과,소프트웨어융합대학
672,202000000000,password672,2019,복수전공,요리학과,소프트웨어융합대학
673,202000000000,password673,2019,주전공,요리학과,소프트웨어융합대학
674,202000000000,password674,2019,복수전공,요리학과,소프트웨어융합대학
675,202000000000,password675,2019,주전공,요리학과,소프트웨어융합대학
676,202000000000,password676,2019,복수전공,요리학과,소프트웨어융합대학
677,202000000000,password677,2019,주전공,요리학과,소프트웨어융합대학
678,202000000000,password678,2019,복수전공,요리학과,소프트웨어융합대학
679,202000000000,password679,2019,주전공,요리학과,소프트웨어융합대학
680,202000000000,password680,2019,복수전공,요리학과,소프트웨어융합대학
681,202000000000,password681,2019,주전공,요리학과,소프트웨어융합대학
682,202000000000,password682,2019,복수전공,요리학과,소프트웨어융합대학
683,202000000000,password683,2019,주전공,요리학과,소프트웨어융합대학
684,202000000000,password684,2019,복수전공,요리학과,소프트웨어융합대학
685,202000000000,password685,2019,주전공,요리학과,소프트웨어융합대학
686,202000000000,password686,2019,복수전공,요리학과,소프트웨어융합대학
687,202000000000,password687,2019,주전공,요리학과,소프트웨어융합대학
688,202000000000,password688,2019,복수전공,요리학과,소프트웨어융합대학
689,202000000000,password689,2019,주전공,요리학과,소프트웨어융합대학
690,202000000000,password690,2019,복수전공,요리학과,소프트웨어융합대학
691,202000000000,password691,2019,주전공,요리학과,소프트웨어융합대학
692,202000000000,password692,2019,복수전공,요리학과,소프트웨어융합대학
693,202000000000,password693,2019,주전공,요리학과,소프트웨어융합대학
694,202000000000,password694,2019,복수전공,요리학과,소프트웨어융합대학
695,202000000000,password695,2019,주전공,요리학과,소프트웨어융합대학
696,202000000000,password696,2019,복수전공,요리학과,소프트웨어융합대학
697,202000000000,password697,2019,주전공,요리학과,소프트웨어융합대학
698,202000000000,password698,2019,복수전공,요리학과,소프트웨어융합대학
699,202000000000,password699,2019,주전공,요리학과,소프트웨어융합대학
