1,201801010001,password1,username1,user1@gmail.com,1051664177,student
2,201801010002,password2,username2,user2@gmail.com,1051664178,student
3,201801010003,password3,username3,user3@gmail.com,1051664179,student
4,201801010004,password4,username4,user4@gmail.com,1051664180,student
5,201801010005,password5,username5,user5@gmail.com,1051664181,student
6,201801010006,password6,username6,user6@gmail.com,1051664182,student
7,201801010007,password7,username7,user7@gmail.com,1051664183,student
8,201801010008,password8,username8,user8@gmail.com,1051664184,student
9,201801010009,password9,username9,user9@gmail.com,1051664185,student
10,201801010010,password10,username10,user10@gmail.com,1051664186,student
11,201801010011,password11,username11,user11@gmail.com,1051664187,student
12,201801010012,password12,username12,user12@gmail.com,1051664188,student
13,201801010013,password13,username13,user13@gmail.com,1051664189,student
14,201801010014,password14,username14,user14@gmail.com,1051664190,student
15,201801010015,password15,username15,user15@gmail.com,1051664191,student
16,201801010016,password16,username16,user16@gmail.com,1051664192,student
17,201801010017,password17,username17,user17@gmail.com,1051664193,student
18,201801010018,password18,username18,user18@gmail.com,1051664194,student
19,201801010019,password19,username19,user19@gmail.com,1051664195,student
20,201801010020,password20,username20,user20@gmail.com,1051664196,student
21,201801010021,password21,username21,user21@gmail.com,1051664197,student
22,201801010022,password22,username22,user22@gmail.com,1051664198,student
23,201801010023,password23,username23,user23@gmail.com,1051664199,student
24,201801010024,password24,username24,user24@gmail.com,1051664200,student
25,201801010025,password25,username25,user25@gmail.com,1051664201,student
26,201801010026,password26,username26,user26@gmail.com,1051664202,student
27,201801010027,password27,username27,user27@gmail.com,1051664203,student
28,201801010028,password28,username28,user28@gmail.com,1051664204,student
29,201801010029,password29,username29,user29@gmail.com,1051664205,student
30,201801010030,password30,username30,user30@gmail.com,1051664206,student
31,201801010031,password31,username31,user31@gmail.com,1051664207,student
32,201801010032,password32,username32,user32@gmail.com,1051664208,student
33,201801010033,password33,username33,user33@gmail.com,1051664209,student
34,201801010034,password34,username34,user34@gmail.com,1051664210,student
35,201801010035,password35,username35,user35@gmail.com,1051664211,student
36,201801010036,password36,username36,user36@gmail.com,1051664212,student
37,201801010037,password37,username37,user37@gmail.com,1051664213,student
38,201801010038,password38,username38,user38@gmail.com,1051664214,student
39,201801010039,password39,username39,user39@gmail.com,1051664215,student
40,201801010040,password40,username40,user40@gmail.com,1051664216,student
41,201801010041,password41,username41,user41@gmail.com,1051664217,student
42,201801010042,password42,username42,user42@gmail.com,1051664218,student
43,201801010043,password43,username43,user43@gmail.com,1051664219,student
44,201801010044,password44,username44,user44@gmail.com,1051664220,student
45,201801010045,password45,username45,user45@gmail.com,1051664221,student
46,201801010046,password46,username46,user46@gmail.com,1051664222,student
47,201801010047,password47,username47,user47@gmail.com,1051664223,student
48,201801010048,password48,username48,user48@gmail.com,1051664224,student
49,201801010049,password49,username49,user49@gmail.com,1051664225,student
50,201801010050,password50,username50,user50@gmail.com,1051664226,student
51,201801010051,password51,username51,user51@gmail.com,1051664227,student
52,201801010052,password52,username52,user52@gmail.com,1051664228,student
53,201801010053,password53,username53,user53@gmail.com,1051664229,student
54,201801010054,password54,username54,user54@gmail.com,1051664230,student
55,201801010055,password55,username55,user55@gmail.com,1051664231,student
56,201801010056,password56,username56,user56@gmail.com,1051664232,student
57,201801010057,password57,username57,user57@gmail.com,1051664233,student
58,201801010058,password58,username58,user58@gmail.com,1051664234,student
59,201801010059,password59,username59,user59@gmail.com,1051664235,student
60,201801010060,password60,username60,user60@gmail.com,1051664236,student
61,201801010061,password61,username61,user61@gmail.com,1051664237,student
62,201801010062,password62,username62,user62@gmail.com,1051664238,student
63,201801010063,password63,username63,user63@gmail.com,1051664239,student
64,201801010064,password64,username64,user64@gmail.com,1051664240,student
65,201801010065,password65,username65,user65@gmail.com,1051664241,student
66,201801010066,password66,username66,user66@gmail.com,1051664242,student
67,201801010067,password67,username67,user67@gmail.com,1051664243,student
68,201801010068,password68,username68,user68@gmail.com,1051664244,student
69,201801010069,password69,username69,user69@gmail.com,1051664245,student
70,201801010070,password70,username70,user70@gmail.com,1051664246,student
71,201801010071,password71,username71,user71@gmail.com,1051664247,student
72,201801010072,password72,username72,user72@gmail.com,1051664248,student
73,201801010073,password73,username73,user73@gmail.com,1051664249,student
74,201801010074,password74,username74,user74@gmail.com,1051664250,student
75,201801010075,password75,username75,user75@gmail.com,1051664251,student
76,201801010076,password76,username76,user76@gmail.com,1051664252,student
77,201801010077,password77,username77,user77@gmail.com,1051664253,student
78,201801010078,password78,username78,user78@gmail.com,1051664254,student
79,201801010079,password79,username79,user79@gmail.com,1051664255,student
80,201801010080,password80,username80,user80@gmail.com,1051664256,student
81,201801010081,password81,username81,user81@gmail.com,1051664257,student
82,201801010082,password82,username82,user82@gmail.com,1051664258,student
83,201801010083,password83,username83,user83@gmail.com,1051664259,student
84,201801010084,password84,username84,user84@gmail.com,1051664260,student
85,201801010085,password85,username85,user85@gmail.com,1051664261,student
86,201801010086,password86,username86,user86@gmail.com,1051664262,student
87,201801010087,password87,username87,user87@gmail.com,1051664263,student
88,201801010088,password88,username88,user88@gmail.com,1051664264,student
89,201801010089,password89,username89,user89@gmail.com,1051664265,student
90,201801010090,password90,username90,user90@gmail.com,1051664266,student
91,201801010091,password91,username91,user91@gmail.com,1051664267,student
92,201801010092,password92,username92,user92@gmail.com,1051664268,student
93,201801010093,password93,username93,user93@gmail.com,1051664269,student
94,201801010094,password94,username94,user94@gmail.com,1051664270,student
95,201801010095,password95,username95,user95@gmail.com,1051664271,student
96,201801010096,password96,username96,user96@gmail.com,1051664272,student
97,201801010097,password97,username97,user97@gmail.com,1051664273,student
98,201801010098,password98,username98,user98@gmail.com,1051664274,student
99,201801010099,password99,username99,user99@gmail.com,1051664275,student
100,201801010100,password100,username100,user100@gmail.com,1051664276,student
101,201801010101,password101,username101,user101@gmail.com,1051664277,student
102,201801010102,password102,username102,user102@gmail.com,1051664278,student
103,201801010103,password103,username103,user103@gmail.com,1051664279,student
104,201801010104,password104,username104,user104@gmail.com,1051664280,student
105,201801010105,password105,username105,user105@gmail.com,1051664281,student
106,201801010106,password106,username106,user106@gmail.com,1051664282,student
107,201801010107,password107,username107,user107@gmail.com,1051664283,student
108,201801010108,password108,username108,user108@gmail.com,1051664284,student
109,201801010109,password109,username109,user109@gmail.com,1051664285,student
110,201801010110,password110,username110,user110@gmail.com,1051664286,student
111,201801010111,password111,username111,user111@gmail.com,1051664287,student
112,201801010112,password112,username112,user112@gmail.com,1051664288,student
113,201801010113,password113,username113,user113@gmail.com,1051664289,student
114,201801010114,password114,username114,user114@gmail.com,1051664290,student
115,201801010115,password115,username115,user115@gmail.com,1051664291,student
116,201801010116,password116,username116,user116@gmail.com,1051664292,student
117,201801010117,password117,username117,user117@gmail.com,1051664293,student
118,201801010118,password118,username118,user118@gmail.com,1051664294,student
119,201801010119,password119,username119,user119@gmail.com,1051664295,student
120,201801010120,password120,username120,user120@gmail.com,1051664296,student
121,201801010121,password121,username121,user121@gmail.com,1051664297,student
122,201801010122,password122,username122,user122@gmail.com,1051664298,student
123,201801010123,password123,username123,user123@gmail.com,1051664299,student
124,201801010124,password124,username124,user124@gmail.com,1051664300,student
125,201801010125,password125,username125,user125@gmail.com,1051664301,student
126,201801010126,password126,username126,user126@gmail.com,1051664302,student
127,201801010127,password127,username127,user127@gmail.com,1051664303,student
128,201801010128,password128,username128,user128@gmail.com,1051664304,student
129,201801010129,password129,username129,user129@gmail.com,1051664305,student
130,201801010130,password130,username130,user130@gmail.com,1051664306,student
131,201801010131,password131,username131,user131@gmail.com,1051664307,student
132,201801010132,password132,username132,user132@gmail.com,1051664308,student
133,201801010133,password133,username133,user133@gmail.com,1051664309,student
134,201801010134,password134,username134,user134@gmail.com,1051664310,student
135,201801010135,password135,username135,user135@gmail.com,1051664311,student
136,201801010136,password136,username136,user136@gmail.com,1051664312,student
137,201801010137,password137,username137,user137@gmail.com,1051664313,student
138,201801010138,password138,username138,user138@gmail.com,1051664314,student
139,201801010139,password139,username139,user139@gmail.com,1051664315,student
140,201801010140,password140,username140,user140@gmail.com,1051664316,student
141,201801010141,password141,username141,user141@gmail.com,1051664317,student
142,201801010142,password142,username142,user142@gmail.com,1051664318,student
143,201801010143,password143,username143,user143@gmail.com,1051664319,student
144,201801010144,password144,username144,user144@gmail.com,1051664320,student
145,201801010145,password145,username145,user145@gmail.com,1051664321,student
146,201801010146,password146,username146,user146@gmail.com,1051664322,student
147,201801010147,password147,username147,user147@gmail.com,1051664323,student
148,201801010148,password148,username148,user148@gmail.com,1051664324,student
149,201801010149,password149,username149,user149@gmail.com,1051664325,student
150,201801010150,password150,username150,user150@gmail.com,1051664326,student
151,201801010151,password151,username151,user151@gmail.com,1051664327,student
152,201801010152,password152,username152,user152@gmail.com,1051664328,student
153,201801010153,password153,username153,user153@gmail.com,1051664329,student
154,201801010154,password154,username154,user154@gmail.com,1051664330,student
155,201801010155,password155,username155,user155@gmail.com,1051664331,student
156,201801010156,password156,username156,user156@gmail.com,1051664332,student
157,201801010157,password157,username157,user157@gmail.com,1051664333,student
158,201801010158,password158,username158,user158@gmail.com,1051664334,student
159,201801010159,password159,username159,user159@gmail.com,1051664335,student
160,201801010160,password160,username160,user160@gmail.com,1051664336,student
161,201801010161,password161,username161,user161@gmail.com,1051664337,student
162,201801010162,password162,username162,user162@gmail.com,1051664338,student
163,201801010163,password163,username163,user163@gmail.com,1051664339,student
164,201801010164,password164,username164,user164@gmail.com,1051664340,student
165,201801010165,password165,username165,user165@gmail.com,1051664341,student
166,201801010166,password166,username166,user166@gmail.com,1051664342,student
167,201801010167,password167,username167,user167@gmail.com,1051664343,student
168,201801010168,password168,username168,user168@gmail.com,1051664344,student
169,201801010169,password169,username169,user169@gmail.com,1051664345,student
170,201801010170,password170,username170,user170@gmail.com,1051664346,student
171,201801010171,password171,username171,user171@gmail.com,1051664347,student
172,201801010172,password172,username172,user172@gmail.com,1051664348,student
173,201801010173,password173,username173,user173@gmail.com,1051664349,student
174,201801010174,password174,username174,user174@gmail.com,1051664350,student
175,201801010175,password175,username175,user175@gmail.com,1051664351,student
176,201801010176,password176,username176,user176@gmail.com,1051664352,student
177,201801010177,password177,username177,user177@gmail.com,1051664353,student
178,201801010178,password178,username178,user178@gmail.com,1051664354,student
179,201801010179,password179,username179,user179@gmail.com,1051664355,student
180,201801010180,password180,username180,user180@gmail.com,1051664356,student
181,201801010181,password181,username181,user181@gmail.com,1051664357,student
182,201801010182,password182,username182,user182@gmail.com,1051664358,student
183,201801010183,password183,username183,user183@gmail.com,1051664359,student
184,201801010184,password184,username184,user184@gmail.com,1051664360,student
185,201801010185,password185,username185,user185@gmail.com,1051664361,student
186,201801010186,password186,username186,user186@gmail.com,1051664362,student
187,201801010187,password187,username187,user187@gmail.com,1051664363,student
188,201801010188,password188,username188,user188@gmail.com,1051664364,student
189,201801010189,password189,username189,user189@gmail.com,1051664365,student
190,201801010190,password190,username190,user190@gmail.com,1051664366,student
191,201801010191,password191,username191,user191@gmail.com,1051664367,student
192,201801010192,password192,username192,user192@gmail.com,1051664368,student
193,201801010193,password193,username193,user193@gmail.com,1051664369,student
194,201801010194,password194,username194,user194@gmail.com,1051664370,student
195,201801010195,password195,username195,user195@gmail.com,1051664371,student
196,201801010196,password196,username196,user196@gmail.com,1051664372,student
197,201801010197,password197,username197,user197@gmail.com,1051664373,student
198,201801010198,password198,username198,user198@gmail.com,1051664374,student
199,201801010199,password199,username199,user199@gmail.com,1051664375,student
200,201801010200,password200,username200,user200@gmail.com,1051664376,student
201,201801010201,password201,username201,user201@gmail.com,1051664377,student
202,201801010202,password202,username202,user202@gmail.com,1051664378,student
203,201801010203,password203,username203,user203@gmail.com,1051664379,student
204,201801010204,password204,username204,user204@gmail.com,1051664380,student
205,201801010205,password205,username205,user205@gmail.com,1051664381,student
206,201801010206,password206,username206,user206@gmail.com,1051664382,student
207,201801010207,password207,username207,user207@gmail.com,1051664383,student
208,201801010208,password208,username208,user208@gmail.com,1051664384,student
209,201801010209,password209,username209,user209@gmail.com,1051664385,student
210,201801010210,password210,username210,user210@gmail.com,1051664386,student
211,201801010211,password211,username211,user211@gmail.com,1051664387,student
212,201801010212,password212,username212,user212@gmail.com,1051664388,student
213,201801010213,password213,username213,user213@gmail.com,1051664389,student
214,201801010214,password214,username214,user214@gmail.com,1051664390,student
215,201801010215,password215,username215,user215@gmail.com,1051664391,student
216,201801010216,password216,username216,user216@gmail.com,1051664392,student
217,201801010217,password217,username217,user217@gmail.com,1051664393,student
218,201801010218,password218,username218,user218@gmail.com,1051664394,student
219,201801010219,password219,username219,user219@gmail.com,1051664395,student
220,201801010220,password220,username220,user220@gmail.com,1051664396,student
221,201801010221,password221,username221,user221@gmail.com,1051664397,student
222,201801010222,password222,username222,user222@gmail.com,1051664398,student
223,201801010223,password223,username223,user223@gmail.com,1051664399,student
224,201801010224,password224,username224,user224@gmail.com,1051664400,student
225,201801010225,password225,username225,user225@gmail.com,1051664401,student
226,201801010226,password226,username226,user226@gmail.com,1051664402,student
227,201801010227,password227,username227,user227@gmail.com,1051664403,student
228,201801010228,password228,username228,user228@gmail.com,1051664404,student
229,201801010229,password229,username229,user229@gmail.com,1051664405,student
230,201801010230,password230,username230,user230@gmail.com,1051664406,student
231,201801010231,password231,username231,user231@gmail.com,1051664407,student
232,201801010232,password232,username232,user232@gmail.com,1051664408,student
233,201801010233,password233,username233,user233@gmail.com,1051664409,student
234,201801010234,password234,username234,user234@gmail.com,1051664410,student
235,201801010235,password235,username235,user235@gmail.com,1051664411,student
236,201801010236,password236,username236,user236@gmail.com,1051664412,student
237,201801010237,password237,username237,user237@gmail.com,1051664413,student
238,201801010238,password238,username238,user238@gmail.com,1051664414,student
239,201801010239,password239,username239,user239@gmail.com,1051664415,student
240,201801010240,password240,username240,user240@gmail.com,1051664416,student
241,201801010241,password241,username241,user241@gmail.com,1051664417,student
242,201801010242,password242,username242,user242@gmail.com,1051664418,student
243,201801010243,password243,username243,user243@gmail.com,1051664419,student
244,201801010244,password244,username244,user244@gmail.com,1051664420,student
245,201801010245,password245,username245,user245@gmail.com,1051664421,student
246,201801010246,password246,username246,user246@gmail.com,1051664422,student
247,201801010247,password247,username247,user247@gmail.com,1051664423,student
248,201801010248,password248,username248,user248@gmail.com,1051664424,student
249,201801010249,password249,username249,user249@gmail.com,1051664425,student
250,201801010250,password250,username250,user250@gmail.com,1051664426,student
251,201801010251,password251,username251,user251@gmail.com,1051664427,student
252,201801010252,password252,username252,user252@gmail.com,1051664428,student
253,201801010253,password253,username253,user253@gmail.com,1051664429,student
254,201801010254,password254,username254,user254@gmail.com,1051664430,student
255,201801010255,password255,username255,user255@gmail.com,1051664431,student
256,201801010256,password256,username256,user256@gmail.com,1051664432,student
257,201801010257,password257,username257,user257@gmail.com,1051664433,student
258,201801010258,password258,username258,user258@gmail.com,1051664434,student
259,201801010259,password259,username259,user259@gmail.com,1051664435,student
260,201801010260,password260,username260,user260@gmail.com,1051664436,student
261,201801010261,password261,username261,user261@gmail.com,1051664437,student
262,201801010262,password262,username262,user262@gmail.com,1051664438,student
263,201801010263,password263,username263,user263@gmail.com,1051664439,student
264,201801010264,password264,username264,user264@gmail.com,1051664440,student
265,201801010265,password265,username265,user265@gmail.com,1051664441,student
266,201801010266,password266,username266,user266@gmail.com,1051664442,student
267,201801010267,password267,username267,user267@gmail.com,1051664443,student
268,201801010268,password268,username268,user268@gmail.com,1051664444,student
269,201801010269,password269,username269,user269@gmail.com,1051664445,student
270,201801010270,password270,username270,user270@gmail.com,1051664446,student
271,201801010271,password271,username271,user271@gmail.com,1051664447,student
272,201801010272,password272,username272,user272@gmail.com,1051664448,student
273,201801010273,password273,username273,user273@gmail.com,1051664449,student
274,201801010274,password274,username274,user274@gmail.com,1051664450,student
275,201801010275,password275,username275,user275@gmail.com,1051664451,student
276,201801010276,password276,username276,user276@gmail.com,1051664452,student
277,201801010277,password277,username277,user277@gmail.com,1051664453,student
278,201801010278,password278,username278,user278@gmail.com,1051664454,student
279,201801010279,password279,username279,user279@gmail.com,1051664455,student
280,201801010280,password280,username280,user280@gmail.com,1051664456,student
281,201801010281,password281,username281,user281@gmail.com,1051664457,student
282,201801010282,password282,username282,user282@gmail.com,1051664458,student
283,201801010283,password283,username283,user283@gmail.com,1051664459,student
284,201801010284,password284,username284,user284@gmail.com,1051664460,student
285,201801010285,password285,username285,user285@gmail.com,1051664461,student
286,201801010286,password286,username286,user286@gmail.com,1051664462,student
287,201801010287,password287,username287,user287@gmail.com,1051664463,student
288,201801010288,password288,username288,user288@gmail.com,1051664464,student
289,201801010289,password289,username289,user289@gmail.com,1051664465,student
290,201801010290,password290,username290,user290@gmail.com,1051664466,student
291,201801010291,password291,username291,user291@gmail.com,1051664467,student
292,201801010292,password292,username292,user292@gmail.com,1051664468,student
293,201801010293,password293,username293,user293@gmail.com,1051664469,student
294,201801010294,password294,username294,user294@gmail.com,1051664470,student
295,201801010295,password295,username295,user295@gmail.com,1051664471,student
296,201801010296,password296,username296,user296@gmail.com,1051664472,student
297,201801010297,password297,username297,user297@gmail.com,1051664473,student
298,201801010298,password298,username298,user298@gmail.com,1051664474,student
299,201801010299,password299,username299,user299@gmail.com,1051664475,student
300,201801010300,password300,username300,user300@gmail.com,1051664476,student
301,201801010301,password301,username301,user301@gmail.com,1051664477,student
302,201801010302,password302,username302,user302@gmail.com,1051664478,student
303,201801010303,password303,username303,user303@gmail.com,1051664479,student
304,201801010304,password304,username304,user304@gmail.com,1051664480,student
305,201801010305,password305,username305,user305@gmail.com,1051664481,student
306,201801010306,password306,username306,user306@gmail.com,1051664482,student
307,201801010307,password307,username307,user307@gmail.com,1051664483,student
308,201801010308,password308,username308,user308@gmail.com,1051664484,student
309,201801010309,password309,username309,user309@gmail.com,1051664485,student
310,201801010310,password310,username310,user310@gmail.com,1051664486,student
311,201801010311,password311,username311,user311@gmail.com,1051664487,student
312,201801010312,password312,username312,user312@gmail.com,1051664488,student
313,201801010313,password313,username313,user313@gmail.com,1051664489,student
314,201801010314,password314,username314,user314@gmail.com,1051664490,student
315,201801010315,password315,username315,user315@gmail.com,1051664491,student
316,201801010316,password316,username316,user316@gmail.com,1051664492,student
317,201801010317,password317,username317,user317@gmail.com,1051664493,student
318,201801010318,password318,username318,user318@gmail.com,1051664494,student
319,201801010319,password319,username319,user319@gmail.com,1051664495,student
320,201801010320,password320,username320,user320@gmail.com,1051664496,student
321,201801010321,password321,username321,user321@gmail.com,1051664497,student
322,201801010322,password322,username322,user322@gmail.com,1051664498,student
323,201801010323,password323,username323,user323@gmail.com,1051664499,student
324,201801010324,password324,username324,user324@gmail.com,1051664500,student
325,201801010325,password325,username325,user325@gmail.com,1051664501,student
326,201801010326,password326,username326,user326@gmail.com,1051664502,student
327,201801010327,password327,username327,user327@gmail.com,1051664503,student
328,201801010328,password328,username328,user328@gmail.com,1051664504,student
329,201801010329,password329,username329,user329@gmail.com,1051664505,student
330,201801010330,password330,username330,user330@gmail.com,1051664506,student
331,201801010331,password331,username331,user331@gmail.com,1051664507,student
332,201801010332,password332,username332,user332@gmail.com,1051664508,student
333,201801010333,password333,username333,user333@gmail.com,1051664509,student
334,201801010334,password334,username334,user334@gmail.com,1051664510,student
335,201801010335,password335,username335,user335@gmail.com,1051664511,student
336,201801010336,password336,username336,user336@gmail.com,1051664512,student
337,201801010337,password337,username337,user337@gmail.com,1051664513,student
338,201801010338,password338,username338,user338@gmail.com,1051664514,student
339,201801010339,password339,username339,user339@gmail.com,1051664515,student
340,201801010340,password340,username340,user340@gmail.com,1051664516,student
341,201801010341,password341,username341,user341@gmail.com,1051664517,student
342,201801010342,password342,username342,user342@gmail.com,1051664518,student
343,201801010343,password343,username343,user343@gmail.com,1051664519,student
344,201801010344,password344,username344,user344@gmail.com,1051664520,student
345,201801010345,password345,username345,user345@gmail.com,1051664521,student
346,201801010346,password346,username346,user346@gmail.com,1051664522,student
347,201801010347,password347,username347,user347@gmail.com,1051664523,student
348,201801010348,password348,username348,user348@gmail.com,1051664524,student
349,201801010349,password349,username349,user349@gmail.com,1051664525,student
350,201801010350,password350,username350,user350@gmail.com,1051664526,student
351,201801010351,password351,username351,user351@gmail.com,1051664527,student
352,201801010352,password352,username352,user352@gmail.com,1051664528,student
353,201801010353,password353,username353,user353@gmail.com,1051664529,student
354,201801010354,password354,username354,user354@gmail.com,1051664530,student
355,201801010355,password355,username355,user355@gmail.com,1051664531,student
356,201801010356,password356,username356,user356@gmail.com,1051664532,student
357,201801010357,password357,username357,user357@gmail.com,1051664533,student
358,201801010358,password358,username358,user358@gmail.com,1051664534,student
359,201801010359,password359,username359,user359@gmail.com,1051664535,student
360,201801010360,password360,username360,user360@gmail.com,1051664536,student
361,201801010361,password361,username361,user361@gmail.com,1051664537,student
362,201801010362,password362,username362,user362@gmail.com,1051664538,student
363,201801010363,password363,username363,user363@gmail.com,1051664539,student
364,201801010364,password364,username364,user364@gmail.com,1051664540,student
365,201801010365,password365,username365,user365@gmail.com,1051664541,student
366,201801010366,password366,username366,user366@gmail.com,1051664542,student
367,201801010367,password367,username367,user367@gmail.com,1051664543,student
368,201801010368,password368,username368,user368@gmail.com,1051664544,student
369,201801010369,password369,username369,user369@gmail.com,1051664545,student
370,201801010370,password370,username370,user370@gmail.com,1051664546,student
371,201801010371,password371,username371,user371@gmail.com,1051664547,student
372,201801010372,password372,username372,user372@gmail.com,1051664548,student
373,201801010373,password373,username373,user373@gmail.com,1051664549,student
374,201801010374,password374,username374,user374@gmail.com,1051664550,student
375,201801010375,password375,username375,user375@gmail.com,1051664551,student
376,201801010376,password376,username376,user376@gmail.com,1051664552,student
377,201801010377,password377,username377,user377@gmail.com,1051664553,student
378,201801010378,password378,username378,user378@gmail.com,1051664554,student
379,201801010379,password379,username379,user379@gmail.com,1051664555,student
380,201801010380,password380,username380,user380@gmail.com,1051664556,student
381,201801010381,password381,username381,user381@gmail.com,1051664557,student
382,201801010382,password382,username382,user382@gmail.com,1051664558,student
383,201801010383,password383,username383,user383@gmail.com,1051664559,student
384,201801010384,password384,username384,user384@gmail.com,1051664560,student
385,201801010385,password385,username385,user385@gmail.com,1051664561,student
386,201801010386,password386,username386,user386@gmail.com,1051664562,student
387,201801010387,password387,username387,user387@gmail.com,1051664563,student
388,201801010388,password388,username388,user388@gmail.com,1051664564,student
389,201801010389,password389,username389,user389@gmail.com,1051664565,student
390,201801010390,password390,username390,user390@gmail.com,1051664566,student
391,201801010391,password391,username391,user391@gmail.com,1051664567,student
392,201801010392,password392,username392,user392@gmail.com,1051664568,student
393,201801010393,password393,username393,user393@gmail.com,1051664569,student
394,201801010394,password394,username394,user394@gmail.com,1051664570,student
395,201801010395,password395,username395,user395@gmail.com,1051664571,student
396,201801010396,password396,username396,user396@gmail.com,1051664572,student
397,201801010397,password397,username397,user397@gmail.com,1051664573,student
398,201801010398,password398,username398,user398@gmail.com,1051664574,student
399,201801010399,password399,username399,user399@gmail.com,1051664575,student
400,201801010400,password400,username400,user400@gmail.com,1051664576,student
401,201801010401,password401,username401,user401@gmail.com,1051664577,student
402,201801010402,password402,username402,user402@gmail.com,1051664578,student
403,201801010403,password403,username403,user403@gmail.com,1051664579,student
404,201801010404,password404,username404,user404@gmail.com,1051664580,student
405,201801010405,password405,username405,user405@gmail.com,1051664581,student
406,201801010406,password406,username406,user406@gmail.com,1051664582,student
407,201801010407,password407,username407,user407@gmail.com,1051664583,student
408,201801010408,password408,username408,user408@gmail.com,1051664584,student
409,201801010409,password409,username409,user409@gmail.com,1051664585,student
410,201801010410,password410,username410,user410@gmail.com,1051664586,student
411,201801010411,password411,username411,user411@gmail.com,1051664587,student
412,201801010412,password412,username412,user412@gmail.com,1051664588,student
413,201801010413,password413,username413,user413@gmail.com,1051664589,student
414,201801010414,password414,username414,user414@gmail.com,1051664590,student
415,201801010415,password415,username415,user415@gmail.com,1051664591,student
416,201801010416,password416,username416,user416@gmail.com,1051664592,student
417,201801010417,password417,username417,user417@gmail.com,1051664593,student
418,201801010418,password418,username418,user418@gmail.com,1051664594,student
419,201801010419,password419,username419,user419@gmail.com,1051664595,student
420,201801010420,password420,username420,user420@gmail.com,1051664596,student
421,201801010421,password421,username421,user421@gmail.com,1051664597,student
422,201801010422,password422,username422,user422@gmail.com,1051664598,student
423,201801010423,password423,username423,user423@gmail.com,1051664599,student
424,201801010424,password424,username424,user424@gmail.com,1051664600,student
425,201801010425,password425,username425,user425@gmail.com,1051664601,student
426,201801010426,password426,username426,user426@gmail.com,1051664602,student
427,201801010427,password427,username427,user427@gmail.com,1051664603,student
428,201801010428,password428,username428,user428@gmail.com,1051664604,student
429,201801010429,password429,username429,user429@gmail.com,1051664605,student
430,201801010430,password430,username430,user430@gmail.com,1051664606,student
431,201801010431,password431,username431,user431@gmail.com,1051664607,student
432,201801010432,password432,username432,user432@gmail.com,1051664608,student
433,201801010433,password433,username433,user433@gmail.com,1051664609,student
434,201801010434,password434,username434,user434@gmail.com,1051664610,student
435,201801010435,password435,username435,user435@gmail.com,1051664611,student
436,201801010436,password436,username436,user436@gmail.com,1051664612,student
437,201801010437,password437,username437,user437@gmail.com,1051664613,student
438,201801010438,password438,username438,user438@gmail.com,1051664614,student
439,201801010439,password439,username439,user439@gmail.com,1051664615,student
440,201801010440,password440,username440,user440@gmail.com,1051664616,student
441,201801010441,password441,username441,user441@gmail.com,1051664617,student
442,201801010442,password442,username442,user442@gmail.com,1051664618,student
443,201801010443,password443,username443,user443@gmail.com,1051664619,student
444,201801010444,password444,username444,user444@gmail.com,1051664620,student
445,201801010445,password445,username445,user445@gmail.com,1051664621,student
446,201801010446,password446,username446,user446@gmail.com,1051664622,student
447,201801010447,password447,username447,user447@gmail.com,1051664623,student
448,201801010448,password448,username448,user448@gmail.com,1051664624,student
449,201801010449,password449,username449,user449@gmail.com,1051664625,student
450,201801010450,password450,username450,user450@gmail.com,1051664626,student
451,201801010451,password451,username451,user451@gmail.com,1051664627,student
452,201801010452,password452,username452,user452@gmail.com,1051664628,student
453,201801010453,password453,username453,user453@gmail.com,1051664629,student
454,201801010454,password454,username454,user454@gmail.com,1051664630,student
455,201801010455,password455,username455,user455@gmail.com,1051664631,student
456,201801010456,password456,username456,user456@gmail.com,1051664632,student
457,201801010457,password457,username457,user457@gmail.com,1051664633,student
458,201801010458,password458,username458,user458@gmail.com,1051664634,student
459,201801010459,password459,username459,user459@gmail.com,1051664635,student
460,201801010460,password460,username460,user460@gmail.com,1051664636,student
461,201801010461,password461,username461,user461@gmail.com,1051664637,student
462,201801010462,password462,username462,user462@gmail.com,1051664638,student
463,201801010463,password463,username463,user463@gmail.com,1051664639,student
464,201801010464,password464,username464,user464@gmail.com,1051664640,student
465,201801010465,password465,username465,user465@gmail.com,1051664641,student
466,201801010466,password466,username466,user466@gmail.com,1051664642,student
467,201801010467,password467,username467,user467@gmail.com,1051664643,student
468,201801010468,password468,username468,user468@gmail.com,1051664644,student
469,201801010469,password469,username469,user469@gmail.com,1051664645,student
470,201801010470,password470,username470,user470@gmail.com,1051664646,student
471,201801010471,password471,username471,user471@gmail.com,1051664647,student
472,201801010472,password472,username472,user472@gmail.com,1051664648,student
473,201801010473,password473,username473,user473@gmail.com,1051664649,student
474,201801010474,password474,username474,user474@gmail.com,1051664650,student
475,201801010475,password475,username475,user475@gmail.com,1051664651,student
476,201801010476,password476,username476,user476@gmail.com,1051664652,student
477,201801010477,password477,username477,user477@gmail.com,1051664653,student
478,201801010478,password478,username478,user478@gmail.com,1051664654,student
479,201801010479,password479,username479,user479@gmail.com,1051664655,student
480,201801010480,password480,username480,user480@gmail.com,1051664656,student
481,201801010481,password481,username481,user481@gmail.com,1051664657,student
482,201801010482,password482,username482,user482@gmail.com,1051664658,student
483,201801010483,password483,username483,user483@gmail.com,1051664659,student
484,201801010484,password484,username484,user484@gmail.com,1051664660,student
485,201801010485,password485,username485,user485@gmail.com,1051664661,student
486,201801010486,password486,username486,user486@gmail.com,1051664662,student
487,201801010487,password487,username487,user487@gmail.com,1051664663,student
488,201801010488,password488,username488,user488@gmail.com,1051664664,student
489,201801010489,password489,username489,user489@gmail.com,1051664665,student
490,201801010490,password490,username490,user490@gmail.com,1051664666,student
491,201801010491,password491,username491,user491@gmail.com,1051664667,student
492,201801010492,password492,username492,user492@gmail.com,1051664668,student
493,201801010493,password493,username493,user493@gmail.com,1051664669,student
494,201801010494,password494,username494,user494@gmail.com,1051664670,student
495,201801010495,password495,username495,user495@gmail.com,1051664671,student
496,201801010496,password496,username496,user496@gmail.com,1051664672,student
497,201801010497,password497,username497,user497@gmail.com,1051664673,student
498,201801010498,password498,username498,user498@gmail.com,1051664674,student
499,201801010499,password499,username499,user499@gmail.com,1051664675,student
500,201801010500,password500,username500,user500@gmail.com,1051664676,student
501,201801010501,password501,username501,user501@gmail.com,1051664677,student
502,201801010502,password502,username502,user502@gmail.com,1051664678,student
503,201801010503,password503,username503,user503@gmail.com,1051664679,student
504,201801010504,password504,username504,user504@gmail.com,1051664680,student
505,201801010505,password505,username505,user505@gmail.com,1051664681,student
506,201801010506,password506,username506,user506@gmail.com,1051664682,student
507,201801010507,password507,username507,user507@gmail.com,1051664683,student
508,201801010508,password508,username508,user508@gmail.com,1051664684,student
509,201801010509,password509,username509,user509@gmail.com,1051664685,student
510,201801010510,password510,username510,user510@gmail.com,1051664686,student
511,201801010511,password511,username511,user511@gmail.com,1051664687,student
512,201801010512,password512,username512,user512@gmail.com,1051664688,student
513,201801010513,password513,username513,user513@gmail.com,1051664689,student
514,201801010514,password514,username514,user514@gmail.com,1051664690,student
515,201801010515,password515,username515,user515@gmail.com,1051664691,student
516,201801010516,password516,username516,user516@gmail.com,1051664692,student
517,201801010517,password517,username517,user517@gmail.com,1051664693,student
518,201801010518,password518,username518,user518@gmail.com,1051664694,student
519,201801010519,password519,username519,user519@gmail.com,1051664695,student
520,201801010520,password520,username520,user520@gmail.com,1051664696,student
521,201801010521,password521,username521,user521@gmail.com,1051664697,student
522,201801010522,password522,username522,user522@gmail.com,1051664698,student
523,201801010523,password523,username523,user523@gmail.com,1051664699,student
524,201801010524,password524,username524,user524@gmail.com,1051664700,student
525,201801010525,password525,username525,user525@gmail.com,1051664701,student
526,201801010526,password526,username526,user526@gmail.com,1051664702,student
527,201801010527,password527,username527,user527@gmail.com,1051664703,student
528,201801010528,password528,username528,user528@gmail.com,1051664704,student
529,201801010529,password529,username529,user529@gmail.com,1051664705,student
530,201801010530,password530,username530,user530@gmail.com,1051664706,student
531,201801010531,password531,username531,user531@gmail.com,1051664707,student
532,201801010532,password532,username532,user532@gmail.com,1051664708,student
533,201801010533,password533,username533,user533@gmail.com,1051664709,student
534,201801010534,password534,username534,user534@gmail.com,1051664710,student
535,201801010535,password535,username535,user535@gmail.com,1051664711,student
536,201801010536,password536,username536,user536@gmail.com,1051664712,student
537,201801010537,password537,username537,user537@gmail.com,1051664713,student
538,201801010538,password538,username538,user538@gmail.com,1051664714,student
539,201801010539,password539,username539,user539@gmail.com,1051664715,student
540,201801010540,password540,username540,user540@gmail.com,1051664716,student
541,201801010541,password541,username541,user541@gmail.com,1051664717,student
542,201801010542,password542,username542,user542@gmail.com,1051664718,student
543,201801010543,password543,username543,user543@gmail.com,1051664719,student
544,201801010544,password544,username544,user544@gmail.com,1051664720,student
545,201801010545,password545,username545,user545@gmail.com,1051664721,student
546,201801010546,password546,username546,user546@gmail.com,1051664722,student
547,201801010547,password547,username547,user547@gmail.com,1051664723,student
548,201801010548,password548,username548,user548@gmail.com,1051664724,student
549,201801010549,password549,username549,user549@gmail.com,1051664725,student
550,201801010550,password550,username550,user550@gmail.com,1051664726,student
551,201801010551,password551,username551,user551@gmail.com,1051664727,student
552,201801010552,password552,username552,user552@gmail.com,1051664728,student
553,201801010553,password553,username553,user553@gmail.com,1051664729,student
554,201801010554,password554,username554,user554@gmail.com,1051664730,student
555,201801010555,password555,username555,user555@gmail.com,1051664731,student
556,201801010556,password556,username556,user556@gmail.com,1051664732,student
557,201801010557,password557,username557,user557@gmail.com,1051664733,student
558,201801010558,password558,username558,user558@gmail.com,1051664734,student
559,201801010559,password559,username559,user559@gmail.com,1051664735,student
560,201801010560,password560,username560,user560@gmail.com,1051664736,student
561,201801010561,password561,username561,user561@gmail.com,1051664737,student
562,201801010562,password562,username562,user562@gmail.com,1051664738,student
563,201801010563,password563,username563,user563@gmail.com,1051664739,student
564,201801010564,password564,username564,user564@gmail.com,1051664740,student
565,201801010565,password565,username565,user565@gmail.com,1051664741,student
566,201801010566,password566,username566,user566@gmail.com,1051664742,student
567,201801010567,password567,username567,user567@gmail.com,1051664743,student
568,201801010568,password568,username568,user568@gmail.com,1051664744,student
569,201801010569,password569,username569,user569@gmail.com,1051664745,student
570,201801010570,password570,username570,user570@gmail.com,1051664746,student
571,201801010571,password571,username571,user571@gmail.com,1051664747,student
572,201801010572,password572,username572,user572@gmail.com,1051664748,student
573,201801010573,password573,username573,user573@gmail.com,1051664749,student
574,201801010574,password574,username574,user574@gmail.com,1051664750,student
575,201801010575,password575,username575,user575@gmail.com,1051664751,student
576,201801010576,password576,username576,user576@gmail.com,1051664752,student
577,201801010577,password577,username577,user577@gmail.com,1051664753,student
578,201801010578,password578,username578,user578@gmail.com,1051664754,student
579,201801010579,password579,username579,user579@gmail.com,1051664755,student
580,201801010580,password580,username580,user580@gmail.com,1051664756,student
581,201801010581,password581,username581,user581@gmail.com,1051664757,student
582,201801010582,password582,username582,user582@gmail.com,1051664758,student
583,201801010583,password583,username583,user583@gmail.com,1051664759,student
584,201801010584,password584,username584,user584@gmail.com,1051664760,student
585,201801010585,password585,username585,user585@gmail.com,1051664761,student
586,201801010586,password586,username586,user586@gmail.com,1051664762,student
587,201801010587,password587,username587,user587@gmail.com,1051664763,student
588,201801010588,password588,username588,user588@gmail.com,1051664764,student
589,201801010589,password589,username589,user589@gmail.com,1051664765,student
590,201801010590,password590,username590,user590@gmail.com,1051664766,student
591,201801010591,password591,username591,user591@gmail.com,1051664767,student
592,201801010592,password592,username592,user592@gmail.com,1051664768,student
593,201801010593,password593,username593,user593@gmail.com,1051664769,student
594,201801010594,password594,username594,user594@gmail.com,1051664770,student
595,201801010595,password595,username595,user595@gmail.com,1051664771,student
596,201801010596,password596,username596,user596@gmail.com,1051664772,student
597,201801010597,password597,username597,user597@gmail.com,1051664773,student
598,201801010598,password598,username598,user598@gmail.com,1051664774,student
599,201801010599,password599,username599,user599@gmail.com,1051664775,student
600,201801010600,password600,username600,user600@gmail.com,1051664776,student
601,201801010601,password601,username601,user601@gmail.com,1051664777,student
602,201801010602,password602,username602,user602@gmail.com,1051664778,student
603,201801010603,password603,username603,user603@gmail.com,1051664779,student
604,201801010604,password604,username604,user604@gmail.com,1051664780,student
605,201801010605,password605,username605,user605@gmail.com,1051664781,student
606,201801010606,password606,username606,user606@gmail.com,1051664782,student
607,201801010607,password607,username607,user607@gmail.com,1051664783,student
608,201801010608,password608,username608,user608@gmail.com,1051664784,student
609,201801010609,password609,username609,user609@gmail.com,1051664785,student
610,201801010610,password610,username610,user610@gmail.com,1051664786,student
611,201801010611,password611,username611,user611@gmail.com,1051664787,student
612,201801010612,password612,username612,user612@gmail.com,1051664788,student
613,201801010613,password613,username613,user613@gmail.com,1051664789,student
614,201801010614,password614,username614,user614@gmail.com,1051664790,student
615,201801010615,password615,username615,user615@gmail.com,1051664791,student
616,201801010616,password616,username616,user616@gmail.com,1051664792,student
617,201801010617,password617,username617,user617@gmail.com,1051664793,student
618,201801010618,password618,username618,user618@gmail.com,1051664794,student
619,201801010619,password619,username619,user619@gmail.com,1051664795,student
620,201801010620,password620,username620,user620@gmail.com,1051664796,student
621,201801010621,password621,username621,user621@gmail.com,1051664797,student
622,201801010622,password622,username622,user622@gmail.com,1051664798,student
623,201801010623,password623,username623,user623@gmail.com,1051664799,student
624,201801010624,password624,username624,user624@gmail.com,1051664800,student
625,201801010625,password625,username625,user625@gmail.com,1051664801,student
626,201801010626,password626,username626,user626@gmail.com,1051664802,student
627,201801010627,password627,username627,user627@gmail.com,1051664803,student
628,201801010628,password628,username628,user628@gmail.com,1051664804,student
629,201801010629,password629,username629,user629@gmail.com,1051664805,student
630,201801010630,password630,username630,user630@gmail.com,1051664806,student
631,201801010631,password631,username631,user631@gmail.com,1051664807,student
632,201801010632,password632,username632,user632@gmail.com,1051664808,student
633,201801010633,password633,username633,user633@gmail.com,1051664809,student
634,201801010634,password634,username634,user634@gmail.com,1051664810,student
635,201801010635,password635,username635,user635@gmail.com,1051664811,student
636,201801010636,password636,username636,user636@gmail.com,1051664812,student
637,201801010637,password637,username637,user637@gmail.com,1051664813,student
638,201801010638,password638,username638,user638@gmail.com,1051664814,student
639,201801010639,password639,username639,user639@gmail.com,1051664815,student
640,201801010640,password640,username640,user640@gmail.com,1051664816,student
641,201801010641,password641,username641,user641@gmail.com,1051664817,student
642,201801010642,password642,username642,user642@gmail.com,1051664818,student
643,201801010643,password643,username643,user643@gmail.com,1051664819,student
644,201801010644,password644,username644,user644@gmail.com,1051664820,student
645,201801010645,password645,username645,user645@gmail.com,1051664821,student
646,201801010646,password646,username646,user646@gmail.com,1051664822,student
647,201801010647,password647,username647,user647@gmail.com,1051664823,student
648,201801010648,password648,username648,user648@gmail.com,1051664824,student
649,201801010649,password649,username649,user649@gmail.com,1051664825,student
650,201801010650,password650,username650,user650@gmail.com,1051664826,student
651,201801010651,password651,username651,user651@gmail.com,1051664827,student
652,201801010652,password652,username652,user652@gmail.com,1051664828,student
653,201801010653,password653,username653,user653@gmail.com,1051664829,student
654,201801010654,password654,username654,user654@gmail.com,1051664830,student
655,201801010655,password655,username655,user655@gmail.com,1051664831,student
656,201801010656,password656,username656,user656@gmail.com,1051664832,student
657,201801010657,password657,username657,user657@gmail.com,1051664833,student
658,201801010658,password658,username658,user658@gmail.com,1051664834,student
659,201801010659,password659,username659,user659@gmail.com,1051664835,student
660,201801010660,password660,username660,user660@gmail.com,1051664836,student
661,201801010661,password661,username661,user661@gmail.com,1051664837,student
662,201801010662,password662,username662,user662@gmail.com,1051664838,student
663,201801010663,password663,username663,user663@gmail.com,1051664839,student
664,201801010664,password664,username664,user664@gmail.com,1051664840,student
665,201801010665,password665,username665,user665@gmail.com,1051664841,student
666,201801010666,password666,username666,user666@gmail.com,1051664842,student
667,201801010667,password667,username667,user667@gmail.com,1051664843,student
668,201801010668,password668,username668,user668@gmail.com,1051664844,student
669,201801010669,password669,username669,user669@gmail.com,1051664845,student
670,201801010670,password670,username670,user670@gmail.com,1051664846,student
671,201801010671,password671,username671,user671@gmail.com,1051664847,student
672,201801010672,password672,username672,user672@gmail.com,1051664848,student
673,201801010673,password673,username673,user673@gmail.com,1051664849,student
674,201801010674,password674,username674,user674@gmail.com,1051664850,student
675,201801010675,password675,username675,user675@gmail.com,1051664851,student
676,201801010676,password676,username676,user676@gmail.com,1051664852,student
677,201801010677,password677,username677,user677@gmail.com,1051664853,student
678,201801010678,password678,username678,user678@gmail.com,1051664854,student
679,201801010679,password679,username679,user679@gmail.com,1051664855,student
680,201801010680,password680,username680,user680@gmail.com,1051664856,student
681,201801010681,password681,username681,user681@gmail.com,1051664857,student
682,201801010682,password682,username682,user682@gmail.com,1051664858,student
683,201801010683,password683,username683,user683@gmail.com,1051664859,student
684,201801010684,password684,username684,user684@gmail.com,1051664860,student
685,201801010685,password685,username685,user685@gmail.com,1051664861,student
686,201801010686,password686,username686,user686@gmail.com,1051664862,student
687,201801010687,password687,username687,user687@gmail.com,1051664863,student
688,201801010688,password688,username688,user688@gmail.com,1051664864,student
689,201801010689,password689,username689,user689@gmail.com,1051664865,student
690,201801010690,password690,username690,user690@gmail.com,1051664866,student
691,201801010691,password691,username691,user691@gmail.com,1051664867,student
692,201801010692,password692,username692,user692@gmail.com,1051664868,student
693,201801010693,password693,username693,user693@gmail.com,1051664869,student
694,201801010694,password694,username694,user694@gmail.com,1051664870,student
695,201801010695,password695,username695,user695@gmail.com,1051664871,student
